mod,fn,size,ninstr,has_call,has_loop,nflt,ncond,m2c_ok,m2c_struct,m2c_flow,m2c_calls,band,status,base_score,best_score,attempts,notes
uvdobj_rom,func_uvdobj_rom_0040056C,88,22,True,False,0,0,0,1,0,0,,asm,,,0,
uvdobj_rom,func_uvdobj_rom_004005C4,320,80,True,True,0,3,0,1,1,0,,asm,,,0,
uvdobj_rom,func_uvdobj_rom_00400704,108,27,True,False,0,4,0,0,0,0,,asm,,,0,
uvdobj_rom,func_uvdobj_rom_00400770,656,164,True,True,9,22,0,1,1,1,,asm,,,0,
uvdobj_rom,func_uvdobj_rom_00400A20,604,151,True,True,10,21,1,0,1,0,,asm,,,0,
uvdobj_rom,func_uvdobj_rom_00400C7C,224,56,False,True,2,9,0,1,1,0,,asm,,,0,
uvdobj_rom,func_uvdobj_rom_00400D5C,356,89,True,False,20,8,0,1,0,0,,asm,,,0,
uvdobj_rom,func_uvdobj_rom_00400EC0,304,76,True,False,20,7,0,1,0,0,,asm,,,0,
uvdobj_rom,func_uvdobj_rom_00400FF0,56,14,False,False,0,1,1,1,0,0,P1,no-seed,,,0,
uvdobj_rom,func_uvdobj_rom_00401104,200,50,False,True,0,4,1,1,1,0,,asm,,,0,
uvdobj_rom,func_uvdobj_rom_00401240,856,214,True,True,44,22,0,1,1,0,,asm,,,0,
uvdobj_rom,func_uvdobj_rom_00401598,40,10,False,False,4,0,1,0,0,0,P2,banked,40,,0,
uvdobj_rom,func_uvdobj_rom_004015C0,1276,319,True,True,0,39,0,1,1,1,,asm,,,0,
uvdobj_rom,func_uvdobj_rom_00401ABC,1112,278,True,True,58,25,0,1,1,0,,asm,,,0,
uvdobj_rom,func_uvdobj_rom_00401F14,548,137,True,True,35,17,0,1,1,1,,asm,,,0,
uvdobj_rom,func_uvdobj_rom_00402138,744,186,True,True,68,27,1,1,1,0,,asm,,,0,
uvdobj_rom,func_uvdobj_rom_00402420,1104,276,True,True,72,20,0,1,1,1,,asm,,,0,
uvdobj_rom,func_uvdobj_rom_00402870,1272,318,True,True,117,35,0,1,1,1,,asm,,,0,
uvdobj_rom,func_uvdobj_rom_00402D68,748,187,True,True,12,18,0,1,1,0,,asm,,,0,
uvdobj_rom,func_uvdobj_rom_00403054,648,162,True,True,8,18,0,1,1,0,,asm,,,0,
uvdobj_rom,func_uvdobj_rom_004032DC,704,176,True,True,24,16,0,1,1,0,,asm,,,0,
uvdobj_rom,func_uvdobj_rom_0040359C,240,60,True,True,0,4,0,1,1,1,,asm,,,0,
uvdobj_rom,func_uvdobj_rom_0040368C,568,142,True,False,0,0,1,1,0,0,,asm,,,0,
uvdobj_rom,func_uvdobj_rom_004038C4,144,36,True,False,0,1,0,1,0,0,,asm,,,0,
ted,func_ted_00400558,448,112,True,True,0,8,0,1,1,0,,asm,,,0,
ted,func_ted_00400718,160,40,True,False,0,6,0,1,0,1,,asm,,,0,
ted,func_ted_004007B8,1120,280,True,False,72,19,0,1,0,1,,asm,,,0,
ted,func_ted_00400C18,1004,251,True,False,70,12,0,1,0,0,,asm,,,0,
ted,func_ted_00401004,820,205,True,False,58,3,0,1,0,0,,asm,,,0,
ted,func_ted_00401338,1876,469,True,False,157,36,1,0,1,0,,asm,,,0,
ted,func_ted_00401A8C,480,120,True,False,0,6,1,0,1,0,,asm,,,0,
ted,func_ted_00401C6C,1716,429,True,False,17,10,0,1,0,1,,asm,,,0,
ted,func_ted_00402320,2872,718,True,False,3,11,0,1,0,1,,asm,,,0,
ted,func_ted_00402E58,840,210,True,False,3,4,0,1,0,1,,asm,,,0,
ted,func_ted_004031A0,840,210,True,False,3,4,0,1,0,1,,asm,,,0,
ted,func_ted_004034E8,840,210,True,False,3,4,0,1,0,1,,asm,,,0,
ted,func_ted_004038B8,416,104,True,False,8,5,0,1,0,1,,asm,,,0,
ted,func_ted_00403A58,456,114,True,False,18,6,1,0,1,0,,asm,,,0,
ted,func_ted_00403C20,624,156,True,False,26,14,1,0,1,0,,asm,,,0,
ted,func_ted_00403E90,304,76,True,False,0,3,0,1,0,1,,asm,,,0,
ted,func_ted_00403FC0,244,61,True,False,0,1,0,1,0,1,,asm,,,0,
ted,func_ted_004040B4,756,189,True,False,45,7,0,1,0,0,,asm,,,0,
ted,func_ted_004043A8,192,48,True,True,0,2,0,1,1,0,,asm,,,0,
ted,func_ted_00404468,500,125,True,True,0,5,0,1,1,1,,asm,,,0,
ted,func_ted_0040465C,384,96,True,False,19,2,0,1,0,1,,asm,,,0,
ted,func_ted_004047DC,828,207,True,True,34,8,0,1,1,1,,asm,,,0,
ted,func_ted_00404B18,68,17,False,False,2,1,0,1,0,0,S,asm,,,0,
ted,func_ted_00404B5C,68,17,False,False,2,1,0,1,0,0,S,asm,,,0,
ted,func_ted_00404BA0,68,17,False,False,2,1,0,1,0,0,S,asm,,,0,
ted,func_ted_00404BE4,68,17,False,False,2,1,0,1,0,0,S,asm,,,0,
ted,func_ted_00404C28,180,45,True,False,0,5,0,1,0,0,,asm,,,0,
ted,func_ted_00404CDC,68,17,False,False,2,1,0,1,0,0,S,asm,,,0,
ted,func_ted_00404D20,68,17,False,False,2,1,0,1,0,0,S,asm,,,0,
ted,func_ted_00404D64,68,17,False,False,2,1,0,1,0,0,S,asm,,,0,
ted,func_ted_00404DA8,432,108,True,False,19,2,0,1,0,0,,asm,,,0,
ted,func_ted_00404F58,192,48,True,True,0,2,0,1,1,0,,asm,,,0,
ted,func_ted_00405018,472,118,True,True,0,5,0,1,1,1,,asm,,,0,
ted,func_ted_004051F0,340,85,True,False,10,2,0,1,0,1,,asm,,,0,
ted,func_ted_00405344,728,182,True,True,2,8,0,1,1,1,,asm,,,0,
ted,func_ted_0040561C,420,105,True,False,12,3,0,1,0,1,,asm,,,0,
ted,func_ted_00405804,264,66,True,False,8,0,0,1,0,0,,asm,,,0,
ted,func_ted_0040590C,176,44,True,True,0,2,0,1,1,0,,asm,,,0,
ted,func_ted_004059BC,472,118,True,True,0,5,0,1,1,1,,asm,,,0,
ted,func_ted_00405B94,264,66,True,False,0,2,0,1,0,1,,asm,,,0,
ted,func_ted_00405C9C,588,147,True,True,0,8,0,1,1,1,,asm,,,0,
ted,func_ted_00405EE8,404,101,True,False,12,3,0,1,0,1,,asm,,,0,
ted,func_ted_0040607C,252,63,True,False,0,6,1,0,1,0,,asm,,,0,
ted,func_ted_00406178,264,66,True,False,8,0,0,1,0,0,,asm,,,0,
ted,func_ted_00406280,176,44,True,True,0,2,0,1,1,0,,asm,,,0,
ted,func_ted_00406330,472,118,True,True,0,5,0,1,1,1,,asm,,,0,
ted,func_ted_00406508,264,66,True,False,0,2,0,1,0,1,,asm,,,0,
ted,func_ted_00406610,588,147,True,True,0,8,0,1,1,1,,asm,,,0,
ted,func_ted_0040685C,404,101,True,False,12,3,0,1,0,1,,asm,,,0,
ted,func_ted_004069F0,276,69,True,False,0,7,1,0,1,0,,asm,,,0,
ted,func_ted_00406B04,204,51,True,False,24,1,0,1,0,0,,asm,,,0,
ted,func_ted_00406BD0,104,26,True,True,0,2,0,1,1,1,,asm,,,0,
ted,func_ted_00406C38,100,25,True,False,0,1,0,1,0,1,,asm,,,0,
ted,func_ted_00406C9C,348,89,True,False,7,5,1,1,0,0,,asm,,,0,
track6,func_track6_00400ED8,312,78,True,True,0,5,0,1,1,0,,asm,,,0,
pause,func_pause_00400164,140,35,True,False,0,1,0,1,0,0,,hs-ready,0,,0,
pause,func_pause_004001F0,104,26,True,False,0,0,0,1,0,1,,hs-ready,0,,0,
pause,func_pause_00400258,352,88,True,True,0,9,0,1,1,0,,hs-import-ok,,,0,
pause,func_pause_004003B8,112,28,True,False,0,0,0,1,0,0,,hs-import-ok,,,0,
pause,func_pause_00400428,100,25,True,False,0,2,1,1,0,0,,hs-ready,730,,0,
pause,func_pause_0040048C,184,46,True,False,0,1,0,1,0,0,,hs-ready,890,,0,
pause,func_pause_00400544,416,104,True,False,0,9,0,1,0,0,,hs-import-ok,,,0,
pause,func_pause_004006E4,108,27,True,False,0,0,1,1,0,0,,hs-ready,0,,0,
pause,func_pause_00400750,476,119,True,False,7,13,0,1,0,0,,hs-import-ok,,,0,
pause,func_pause_0040092C,96,24,True,False,2,0,0,1,0,1,,hs-ready,0,,0,
pause,func_pause_0040098C,736,184,True,False,0,3,0,1,0,0,,hs-import-ok,,,0,
pause,func_pause_00400CB0,48,12,False,False,0,0,0,1,0,0,S,hs-ready,930,,0,
pause,func_pause_00400CE0,48,12,False,False,0,0,0,1,0,0,S,hs-ready,930,,0,
pause,func_pause_00400D10,48,12,False,False,0,0,0,1,0,0,S,hs-ready,930,,0,
pause,func_pause_00400D40,104,26,True,False,0,3,0,0,0,0,,hs-ready,0,,0,
pause,func_pause_00400DB8,144,36,True,True,0,2,0,1,1,0,,hs-import-ok,,,0,
pause,func_pause_00400E48,164,41,False,False,0,2,0,1,0,0,S,hs-ready,0,,0,
pause,func_pause_00400EEC,2704,676,True,False,10,41,0,1,0,1,,hs-import-ok,,,0,
pause,func_pause_0040197C,1908,477,True,True,3,17,0,1,1,1,,hs-import-ok,,,0,
pause,func_pause_004020F0,204,51,True,True,0,2,0,1,1,1,,hs-ready,310,,0,
pause,func_pause_004021BC,172,43,True,True,0,2,1,1,1,0,,hs-ready,1145,,0,
pause,func_pause_004023C8,132,33,True,False,0,5,0,0,0,1,,hs-ready,0,,0,
pause,func_pause_00402470,216,54,True,False,0,8,0,1,0,0,,hs-import-ok,,,0,
pause,func_pause_00402550,100,25,True,False,0,2,0,1,0,1,,hs-ready,0,,0,
pause,func_pause_00402600,48,12,False,False,0,0,0,1,0,0,S,hs-ready,930,,0,
pause,func_pause_00402630,28,7,False,False,0,0,0,0,0,0,S,hs-ready,0,,0,
pause,func_pause_0040264C,92,23,True,False,0,0,0,1,0,0,,hs-ready,950,,0,
pause,func_pause_004026A8,28,7,False,False,0,0,0,0,0,0,S,hs-ready,0,,0,
pause,func_pause_004026C4,400,100,True,False,31,0,1,1,0,0,,hs-import-ok,,,0,
pause,func_pause_00402854,176,44,True,False,0,8,1,1,0,0,,hs-ready,370,,0,
pause,func_pause_00402914,1124,281,True,False,0,44,1,0,1,0,,asm,,,0,
pause,func_pause_00402D78,4340,1085,True,False,21,75,1,0,1,0,,hs-import-ok,,,0,
pause,func_pause_00403E6C,132,33,True,False,0,0,0,1,0,1,,hs-import-ok,,,0,
pause,func_pause_00403EF0,112,28,True,False,3,1,0,1,0,0,,hs-import-ok,,,0,
pause,func_pause_00403F60,112,28,True,False,3,1,0,1,0,0,,hs-ready,0,,0,
pause,func_pause_00403FD0,384,96,True,False,13,9,0,1,1,0,,hs-import-ok,,,0,
pause,func_pause_004041A0,156,39,True,False,0,3,0,1,0,0,,hs-ready,0,,0,
pause,func_pause_0040423C,824,206,True,True,10,10,0,1,1,0,,hs-import-ok,,,0,
pause,func_pause_00404574,100,27,True,False,0,0,0,1,0,1,,hs-ready,0,,0,
uvisect_rom,func_uvisect_rom_004003CC,132,33,True,False,0,0,0,0,0,0,,asm,,,0,
uvisect_rom,func_uvisect_rom_00400450,168,42,True,True,0,1,0,1,1,1,,asm,,,0,
uvisect_rom,func_uvisect_rom_004004F8,216,54,True,True,0,6,0,1,1,0,,asm,,,0,
uvisect_rom,func_uvisect_rom_004005D0,544,136,True,True,18,21,1,1,1,0,,asm,,,0,
uvisect_rom,func_uvisect_rom_004007F0,168,42,False,False,12,7,1,1,0,0,P3,no-seed,,,0,
uvisect_rom,func_uvisect_rom_00400898,136,34,True,False,6,5,0,1,0,1,,asm,,,0,
uvisect_rom,func_uvisect_rom_00400920,16,4,False,False,0,1,0,0,0,0,S,hs-ready,205,,0,
uvisect_rom,func_uvisect_rom_00400930,112,28,True,False,6,5,1,1,0,0,,asm,,,0,
uvisect_rom,func_uvisect_rom_004009A0,80,20,True,False,0,2,0,1,0,1,,asm,,,0,
uvisect_rom,func_uvisect_rom_004009F0,12,3,False,False,0,0,0,0,0,0,S,hs-ready,205,,0,
uvisect_rom,func_uvisect_rom_004009FC,68,17,True,False,0,2,0,1,0,0,,asm,,,0,
uvisect_rom,func_uvisect_rom_00400A40,320,80,True,True,0,9,0,1,1,1,,asm,,,0,
uvisect_rom,func_uvisect_rom_00400BA0,36,9,False,False,0,0,1,0,0,0,P1,banked,0,,0,
uvisect_rom,func_uvisect_rom_00400BC4,200,50,False,False,0,7,1,0,0,0,P1,hs-ready,3025,,0,
uvisect_rom,func_uvisect_rom_00400C8C,308,77,True,True,0,8,1,1,1,0,,asm,,,0,
uvisect_rom,func_uvisect_rom_00400DC0,1520,380,True,True,0,42,0,1,1,1,,asm,,,0,
uvisect_rom,func_uvisect_rom_004013B0,64,16,False,False,0,1,1,1,0,0,P1,no-seed,,,0,
uvisect_rom,func_uvisect_rom_004013F0,268,67,False,True,2,8,0,1,1,0,,asm,,,0,
uvisect_rom,func_uvisect_rom_004014FC,92,23,True,False,0,0,0,1,0,1,,asm,,,0,
uvisect_rom,func_uvisect_rom_00401558,640,160,True,False,9,19,0,1,0,1,,asm,,,0,
uvisect_rom,func_uvisect_rom_004017D8,1484,371,True,True,28,32,0,1,1,0,,asm,,,0,
uvisect_rom,func_uvisect_rom_00401DA4,1800,450,True,True,109,53,0,1,1,1,,asm,,,0,
uvisect_rom,func_uvisect_rom_004024AC,1564,391,True,True,109,49,0,1,1,1,,asm,,,0,
uvisect_rom,func_uvisect_rom_00402AC8,148,37,True,True,0,8,1,1,1,0,,asm,,,0,
uvisect_rom,func_uvisect_rom_00402B5C,1272,318,True,True,90,30,0,1,1,1,,asm,,,0,
uvisect_rom,func_uvisect_rom_00403054,312,78,True,False,43,6,0,1,0,1,,asm,,,0,
uvisect_rom,func_uvisect_rom_0040318C,124,31,True,False,2,0,1,1,0,0,,asm,,,0,
uvisect_rom,func_uvisect_rom_00403208,580,145,True,True,26,5,0,1,1,1,,asm,,,0,
uvisect_rom,func_uvisect_rom_0040344C,604,151,True,True,21,5,0,1,1,1,,asm,,,0,
uvisect_rom,func_uvisect_rom_004036A8,724,181,True,True,21,10,0,1,1,1,,asm,,,0,
uvisect_rom,func_uvisect_rom_0040397C,312,78,True,False,26,3,0,1,0,1,,asm,,,0,
uvisect_rom,func_uvisect_rom_00403AB4,504,126,True,False,49,3,0,1,0,0,,asm,,,0,
uvisect_rom,func_uvisect_rom_00403CAC,28,7,False,False,0,0,1,0,0,0,P1,deferred-manual,100,,0,spill-trick-review
uvisect_rom,func_uvisect_rom_00403CC8,100,25,False,True,0,3,0,0,1,0,,asm,,,0,
uvisect_rom,func_uvisect_rom_00403D2C,68,17,False,True,0,3,0,0,1,0,,asm,,,0,
uvisect_rom,func_uvisect_rom_00403D70,48,12,False,False,0,1,0,0,0,0,S,banked,,,0,
uvisect_rom,func_uvisect_rom_00403DAC,84,21,False,False,2,1,0,0,0,0,S,hs-ready,665,,0,
uvisect_rom,func_uvisect_rom_00403E24,92,23,True,False,0,2,1,1,0,0,,asm,,,0,
uvisect_rom,func_uvisect_rom_00403E94,164,41,True,False,19,0,1,1,0,0,,asm,,,0,
uvisect_rom,func_uvisect_rom_00403F38,456,114,True,False,28,19,0,1,1,0,,asm,,,0,
uvisect_rom,func_uvisect_rom_00404100,256,64,True,False,32,2,1,1,0,0,,asm,,,0,
uvisect_rom,func_uvisect_rom_00404200,60,15,False,True,0,1,1,0,0,0,,asm,,,0,
uvisect_rom,func_uvisect_rom_0040423C,876,219,True,False,40,35,0,1,1,1,,asm,,,0,
uvisect_rom,func_uvisect_rom_004045A8,820,205,True,True,71,25,1,1,1,0,,asm,,,0,
uvisect_rom,func_uvisect_rom_004048DC,344,86,True,False,5,10,0,1,0,1,,asm,,,0,
uvisect_rom,func_uvisect_rom_00404A34,72,18,True,False,4,2,0,1,0,1,,asm,,,0,
uvisect_rom,func_uvisect_rom_00404A7C,760,190,True,True,42,24,0,1,1,1,,asm,,,0,
uvisect_rom,func_uvisect_rom_00404D74,352,88,True,True,0,9,0,0,1,1,,asm,,,0,
uvisect_rom,func_uvisect_rom_00404ED4,592,148,True,True,0,16,0,1,1,1,,asm,,,0,
uvisect_rom,func_uvisect_rom_00405124,976,244,True,True,34,10,0,1,1,1,,asm,,,0,
uvisect_rom,func_uvisect_rom_004054F4,300,75,True,False,45,6,1,0,1,0,,asm,,,0,
uvisect_rom,func_uvisect_rom_00405620,120,30,False,False,17,3,1,1,0,0,P3,no-seed,,,0,
uvisect_rom,func_uvisect_rom_00405698,252,63,True,False,24,6,0,1,0,0,,asm,,,0,
uvisect_rom,func_uvisect_rom_00405794,1272,318,True,False,51,22,1,0,1,0,,asm,,,0,
uvisect_rom,func_uvisect_rom_00405C8C,592,148,True,False,49,8,0,1,0,0,,asm,,,0,
uvisect_rom,func_uvisect_rom_00405EDC,4872,1218,True,False,532,170,1,1,0,1,,asm,,,0,
uvisect_rom,func_uvisect_rom_004071F0,96,24,True,False,0,0,0,0,0,0,,asm,,,0,
uvisect_rom,func_uvisect_rom_00407250,216,54,True,True,0,6,0,1,1,0,,asm,,,0,
uvisect_rom,func_uvisect_rom_00407398,116,29,False,True,0,5,1,1,1,0,,asm,,,0,
uvisect_rom,func_uvisect_rom_0040740C,92,23,False,True,0,5,1,1,1,0,,asm,,,0,
uvisect_rom,func_uvisect_rom_00407468,56,14,False,False,0,3,1,1,0,0,P1,no-seed,,,0,
uvisect_rom,func_uvisect_rom_004074A0,80,20,False,False,0,3,1,1,0,0,P1,no-seed,,,0,
uvisect_rom,func_uvisect_rom_00407520,52,13,False,False,0,2,1,1,0,0,P1,import-ok-nobase,,,0,
uvisect_rom,func_uvisect_rom_00407554,148,37,True,False,0,3,1,1,0,0,,asm,,,0,
uvisect_rom,func_uvisect_rom_004075E8,188,50,True,False,0,7,0,1,0,0,,asm,,,0,
mult1,func_mult1_004000D4,80,20,True,False,0,0,0,0,0,0,,asm,,,0,
envsnd,func_envsnd_0040005C,184,46,True,True,4,2,0,1,1,0,,asm,,,0,
envsnd,func_envsnd_00400114,316,79,True,False,23,11,1,1,0,0,,asm,,,0,
envsnd,func_envsnd_00400250,500,125,True,True,13,11,0,1,1,1,,asm,,,0,
track4,func_track4_0040237C,104,26,True,False,6,2,1,1,0,0,,asm,,,0,
track4,func_track4_004023E4,196,49,True,False,0,4,0,1,0,0,,asm,,,0,
track4,func_track4_004024A8,344,86,True,True,0,5,0,1,1,1,,asm,,,0,
track4,func_track4_00402600,976,244,True,False,36,2,0,1,0,0,,asm,,,0,
track4,func_track4_004029D0,308,77,False,True,19,9,0,1,1,0,,asm,,,0,
track4,func_track4_00402B04,1468,367,True,True,63,46,0,1,1,1,,asm,,,0,
track4,func_track4_004030C0,564,141,True,True,3,14,0,1,1,0,,asm,,,0,
track4,func_track4_004032F4,508,127,True,False,16,1,0,1,0,0,,asm,,,0,
track4,func_track4_004034F0,108,27,False,False,6,3,0,1,0,0,S,asm,,,0,
track4,func_track4_0040355C,340,85,True,False,22,6,0,1,0,0,,asm,,,0,
track4,func_track4_004036B0,536,136,True,True,31,9,0,1,1,0,,asm,,,0,
mult2,func_mult2_004000D4,80,20,True,False,0,0,0,0,0,0,,asm,,,0,
uvpfxld_rom,func_uvpfxld_rom_004000DC,512,128,True,True,0,15,0,1,1,1,,asm,,,0,
uvpfxld_rom,func_uvpfxld_rom_004002DC,1720,430,True,True,103,16,0,1,1,0,,asm,,,0,
uvpfxld_rom,func_uvpfxld_rom_00400994,516,129,True,True,13,6,0,1,1,0,,asm,,,0,
uvpfxld_rom,func_uvpfxld_rom_00400BD4,232,58,True,True,0,4,1,1,1,0,,asm,,,0,
uvpfxld_rom,func_uvpfxld_rom_00400CD0,444,112,True,True,0,12,0,1,1,0,,asm,,,0,
med,func_med_004000DC,132,33,True,True,0,2,0,1,1,1,,asm,,,0,
med,func_med_00400160,1580,395,True,True,107,24,0,1,1,1,,asm,,,0,
med,func_med_004007B4,268,67,True,False,26,0,0,1,0,1,,asm,,,0,
med,func_med_004008C0,48,12,True,False,0,0,1,1,0,0,,asm,,,0,
med,func_med_004008F0,1064,266,True,False,81,20,0,1,0,0,,asm,,,0,
med,func_med_00400D18,1116,279,True,False,91,16,0,1,0,0,,asm,,,0,
med,func_med_004011B4,664,166,False,True,40,20,1,0,0,0,,asm,,,0,
med,func_med_0040144C,120,30,False,False,17,0,1,0,0,0,P2,banked,0,,0,
med,func_med_004014C4,1868,467,True,True,89,46,0,1,1,1,,asm,,,0,
med,func_med_00401C10,744,186,True,True,31,20,0,1,1,1,,asm,,,0,
med,func_med_00401EF8,680,170,True,False,12,3,0,1,0,1,,asm,,,0,
med,func_med_004021A0,576,144,True,False,31,5,0,1,0,1,,asm,,,0,
med,func_med_004023E0,1344,336,True,True,59,26,0,1,1,1,,asm,,,0,
med,func_med_00402920,860,215,True,True,15,6,0,1,1,0,,asm,,,0,
med,func_med_00402C7C,9020,2255,True,False,151,10,0,1,0,1,,asm,,,0,
med,func_med_00404FB8,40,10,False,False,0,1,0,1,0,0,S,asm,,,0,
med,func_med_00404FE0,124,31,False,True,8,3,0,1,1,0,,asm,,,0,
med,func_med_0040505C,204,51,True,True,3,3,0,1,1,0,,asm,,,0,
med,func_med_00405128,64,16,True,False,0,0,0,1,0,0,,asm,,,0,
med,func_med_00405168,64,16,True,False,0,0,0,1,0,0,,asm,,,0,
med,func_med_004051A8,288,72,True,False,17,3,0,1,0,0,,asm,,,0,
med,func_med_004052C8,112,28,True,False,7,1,1,1,0,0,,asm,,,0,
med,func_med_00405338,124,31,True,False,8,0,1,1,0,0,,asm,,,0,
med,func_med_004053B4,212,53,True,False,3,4,0,1,0,1,,asm,,,0,
med,func_med_00405488,800,200,True,True,9,15,0,1,1,1,,asm,,,0,
med,func_med_004057A8,576,144,True,True,3,10,0,1,1,1,,asm,,,0,
med,func_med_004059E8,988,247,True,False,33,8,0,1,0,1,,asm,,,0,
med,func_med_00405DC4,552,138,True,False,41,11,0,1,0,1,,asm,,,0,
med,func_med_00405FEC,536,134,True,False,3,12,1,0,1,0,,asm,,,0,
med,func_med_00406238,132,33,True,False,9,1,0,1,0,0,,asm,,,0,
med,func_med_004062BC,272,68,True,False,0,1,0,1,0,0,,asm,,,0,
med,func_med_004063D4,68,17,True,False,0,0,1,1,0,0,,asm,,,0,
med,func_med_00406420,576,144,False,True,48,3,0,1,1,0,,asm,,,0,
rain,func_rain_00400000,84,21,True,False,5,0,0,1,0,0,,asm,,,0,
rain,func_rain_00400140,584,146,True,True,48,5,0,1,1,1,,asm,,,0,
rain,func_rain_004003D4,676,169,True,True,51,22,0,1,1,1,,asm,,,0,
rain,func_rain_00400678,644,161,True,False,41,6,0,1,0,1,,asm,,,0,
rain,func_rain_004008FC,560,140,True,True,65,9,0,1,1,1,,asm,,,0,
rain,func_rain_00400B2C,540,135,True,False,53,4,1,1,0,0,,asm,,,0,
rain,func_rain_00400D48,592,148,False,True,94,15,0,1,1,0,,asm,,,0,
rain,func_rain_00400F98,208,52,False,False,22,6,1,1,0,0,P3,no-seed,,,0,
rain,func_rain_00401068,408,102,True,True,5,9,0,1,1,1,,asm,,,0,
rain,func_rain_00401200,260,65,True,False,40,4,1,1,0,0,,asm,,,0,
rain,func_rain_00401304,256,64,True,True,16,6,0,1,1,1,,asm,,,0,
rain,func_rain_00401404,116,29,True,False,8,0,0,1,0,0,,asm,,,0,
rain,func_rain_00401478,260,65,True,True,20,5,0,1,0,0,,asm,,,0,
rain,func_rain_0040157C,112,29,True,False,8,0,0,1,0,0,,asm,,,0,
menuslct,func_menuslct_004000F8,568,142,True,True,4,16,1,1,1,0,,hs-import-ok,,,0,
menuslct,func_menuslct_00400330,268,67,True,False,0,11,1,1,1,0,,hs-ready,0,,0,
menuslct,func_menuslct_0040043C,304,76,True,False,4,9,1,1,1,0,,hs-ready,1495,,0,
menuslct,func_menuslct_0040056C,192,48,True,False,0,7,1,1,1,0,,hs-ready,400,,0,
menuslct,func_menuslct_0040062C,976,244,True,True,0,31,0,1,1,1,,hs-import-ok,,,0,
menuslct,func_menuslct_004009FC,96,24,False,True,0,3,1,1,1,0,,banked,200,,0,
menuslct,func_menuslct_00400A5C,184,46,False,True,0,10,1,1,1,0,,hs-ready,1340,,0,
menuslct,func_menuslct_00400B14,184,46,False,True,0,10,1,1,1,0,,hs-ready,1340,,0,
menuslct,func_menuslct_00400BCC,636,159,True,False,7,0,0,1,0,0,,hs-import-ok,,,0,
menuslct,func_menuslct_00400E48,636,159,True,False,7,0,0,1,0,0,,hs-import-ok,,,0,
menuslct,func_menuslct_004010C4,236,59,True,False,0,4,1,1,0,0,,hs-import-ok,,,0,
menuslct,func_menuslct_004011B0,188,47,True,False,0,1,1,1,0,0,,hs-ready,0,,0,
menuslct,func_menuslct_0040126C,180,45,True,False,0,7,0,0,1,1,,hs-import-ok,,,0,
menuslct,func_menuslct_00401320,216,54,True,True,0,8,1,1,1,0,,hs-import-ok,,,0,
menuslct,func_menuslct_0040143C,544,137,True,False,3,4,1,1,0,0,,hs-ready,0,,0,
uvfx_rom,func_uvfx_rom_004002C0,124,31,False,True,0,1,0,1,1,0,,asm,,,0,
uvfx_rom,func_uvfx_rom_004003D0,760,190,True,True,35,34,1,0,1,0,,asm,,,0,
uvfx_rom,func_uvfx_rom_004006C8,368,92,True,False,20,10,0,1,0,0,,asm,,,0,
uvfx_rom,func_uvfx_rom_00400838,1112,278,True,True,37,15,0,1,1,0,,asm,,,0,
uvfx_rom,func_uvfx_rom_00400C90,512,128,True,True,40,9,0,1,1,0,,asm,,,0,
uvfx_rom,func_uvfx_rom_00400E90,444,111,True,False,32,7,0,1,0,1,,asm,,,0,
uvbill_rom,func_uvbill_rom_004003B4,2536,634,True,True,110,65,0,1,0,0,,asm,,,0,
uvbill_rom,func_uvbill_rom_00400D9C,80,20,False,True,0,2,1,1,1,0,,asm,,,0,
uvbill_rom,func_uvbill_rom_00400DEC,716,179,True,True,56,13,0,1,1,0,,asm,,,0,
uvbill_rom,func_uvbill_rom_004010B8,720,180,True,True,61,12,0,1,1,1,,asm,,,0,
uvbill_rom,func_uvbill_rom_00401388,144,36,False,False,19,1,1,1,0,0,P3,no-seed,,,0,
uvbill_rom,func_uvbill_rom_00401418,308,77,True,True,16,7,0,1,1,1,,asm,,,0,
uvbill_rom,func_uvbill_rom_0040154C,88,22,True,False,0,2,1,1,0,0,,asm,,,0,
uvbill_rom,func_uvbill_rom_004015A4,2204,551,True,True,93,101,1,0,1,0,,asm,,,0,
uvbill_rom,func_uvbill_rom_00401E40,284,71,True,True,10,4,1,1,1,0,,asm,,,0,
voltest,func_voltest_00400074,180,45,True,True,0,4,0,1,1,0,,asm,,,0,
voltest,func_voltest_00400128,108,27,False,True,0,4,1,1,1,0,,asm,,,0,
voltest,func_voltest_00400194,208,52,True,False,0,12,0,1,0,1,,asm,,,0,
voltest,func_voltest_00400264,152,38,True,False,0,5,0,1,0,1,,asm,,,0,
voltest,func_voltest_004002FC,152,38,True,False,0,5,0,1,0,1,,asm,,,0,
voltest,func_voltest_00400394,184,46,True,False,0,5,0,1,1,1,,asm,,,0,
voltest,func_voltest_0040044C,304,77,False,True,33,10,1,1,1,0,,asm,,,0,
race,func_race_00400920,404,101,True,False,0,0,0,1,0,0,,hs-import-ok,,,0,
race,func_race_00400AB4,524,131,True,True,4,8,0,1,1,0,,hs-import-ok,,,0,
race,func_race_00400CC0,496,124,True,True,0,15,0,1,1,0,,hs-import-ok,,,0,
race,func_race_00400EB0,780,195,True,True,15,14,0,1,1,1,,hs-import-ok,,,0,
race,func_race_004011BC,2432,608,True,True,47,36,0,1,1,1,,hs-import-ok,,,0,
race,func_race_00401B3C,712,178,True,True,25,7,0,1,1,1,,hs-import-ok,,,0,
race,func_race_00401E04,1740,435,True,True,7,14,0,1,1,1,,hs-import-ok,,,0,
race,func_race_004024D0,512,128,True,True,10,13,0,1,1,0,,hs-import-ok,,,0,
race,func_race_004026D0,404,101,True,False,8,3,0,1,0,0,,hs-ready,0,,0,
race,func_race_00402864,584,146,True,True,9,10,0,1,1,1,,hs-import-ok,,,0,
race,func_race_00402AAC,564,141,True,False,24,10,0,1,0,1,,hs-import-ok,,,0,
race,func_race_00402CE0,440,110,True,True,3,6,1,1,1,0,,hs-ready,1810,,0,
race,func_race_00402E98,568,142,True,True,0,18,0,1,1,1,,hs-import-ok,,,0,
race,func_race_004030D0,408,102,True,True,6,9,1,0,1,0,,hs-ready,1800,,0,
race,func_race_00403268,232,58,True,False,0,1,0,1,0,0,,hs-ready,0,,0,
race,func_race_00403358,308,77,True,False,0,10,1,0,1,0,,hs-ready,420,,0,
race,func_race_0040348C,56,14,False,False,0,2,0,0,0,0,S,hs-ready,0,,0,
race,func_race_004034C4,260,65,True,False,0,1,0,1,0,0,,hs-ready,0,,0,
race,func_race_004035C8,180,45,True,True,0,2,0,1,1,0,,hs-ready,380,,0,
race,func_race_0040367C,76,19,True,False,0,0,0,1,0,0,,hs-ready,0,,0,
race,func_race_004036E4,80,20,False,True,0,3,0,0,1,0,,hs-ready,570,,0,
race,func_race_00403734,168,42,False,True,0,5,0,0,1,0,,hs-ready,735,,0,
race,func_race_004037DC,212,53,True,True,0,8,0,1,1,1,,hs-ready,685,,0,
race,func_race_004038B0,700,175,True,False,30,12,1,0,1,0,,hs-import-ok,,,0,
race,func_race_00403B6C,1240,310,True,False,44,30,1,0,1,0,,hs-import-ok,,,0,
race,func_race_00404044,336,84,True,False,9,9,0,1,1,0,,hs-import-ok,,,0,
uvlight_rom,func_uvlight_rom_004004D8,144,36,True,False,0,0,0,0,0,0,,hs-ready,0,,0,
uvlight_rom,func_uvlight_rom_00400568,64,16,False,False,0,0,0,0,0,0,S,hs-ready,745,,0,
uvlight_rom,func_uvlight_rom_004005A8,72,18,False,False,0,0,1,0,0,0,P1,hs-ready,190,,0,
uvlight_rom,func_uvlight_rom_004005F0,160,40,True,False,0,0,1,1,0,0,,hs-import-ok,,,0,
uvlight_rom,func_uvlight_rom_00400690,396,99,True,True,0,4,1,1,1,0,,hs-ready,3920,,0,
uvlight_rom,func_uvlight_rom_0040081C,184,46,True,False,0,0,0,1,0,0,,hs-ready,2875,,0,
uvlight_rom,func_uvlight_rom_004008D4,656,164,True,True,0,19,0,1,1,1,,hs-ready,4650,,0,
uvlight_rom,func_uvlight_rom_00400B64,252,63,True,True,7,4,0,0,1,1,,hs-ready,2990,,0,
uvlight_rom,func_uvlight_rom_00400C60,304,76,True,True,24,5,0,1,1,1,,hs-ready,1705,,0,
uvlight_rom,func_uvlight_rom_00400D90,332,83,True,True,18,7,0,1,1,1,,hs-ready,1875,,0,
uvlight_rom,func_uvlight_rom_00400EDC,220,55,True,False,13,4,0,1,0,0,,hs-ready,125,,0,
uvlight_rom,func_uvlight_rom_00400FB8,536,134,True,True,47,4,0,1,1,1,,hs-ready,5040,,0,
uvlight_rom,func_uvlight_rom_004011D0,60,15,False,False,0,1,1,0,0,0,P1,hs-ready,1195,,0,
uvlight_rom,func_uvlight_rom_0040120C,84,21,True,False,0,3,0,0,0,1,,hs-ready,335,,0,
uvlight_rom,func_uvlight_rom_00401260,188,47,False,False,13,9,1,0,0,0,P2,hs-ready,120,,0,
uvlight_rom,func_uvlight_rom_00401340,740,185,True,True,67,15,0,1,1,1,,hs-ready,12215,,0,
uvlight_rom,func_uvlight_rom_0040167C,84,21,False,False,0,3,1,1,0,0,P1,hs-ready,0,,0,
ufo,func_ufo_00400060,216,54,True,False,7,1,0,1,0,0,,asm,,,0,
ufo,func_ufo_00400138,1212,306,True,False,89,20,0,1,0,0,,asm,,,0,
mult4,func_mult4_004000D4,80,20,True,False,0,0,0,0,0,0,,asm,,,0,
bubble,func_bubble_00400070,428,107,True,True,4,4,0,1,1,0,,asm,,,0,
bubble,func_bubble_0040021C,60,15,True,False,2,0,1,1,0,0,,asm,,,0,
bubble,func_bubble_00400258,340,85,True,False,31,3,0,1,0,0,,asm,,,0,
bubble,func_bubble_004003AC,284,71,True,True,16,3,1,1,1,0,,asm,,,0,
bubble,func_bubble_004004C8,736,184,True,True,59,8,0,1,1,1,,asm,,,0,
bubble,func_bubble_004007A8,120,30,True,False,8,2,1,1,0,1,,asm,,,0,
bubble,func_bubble_00400820,200,52,True,True,0,5,0,1,1,1,,asm,,,0,
scene,func_scene_00400060,156,39,False,False,0,6,1,1,0,0,P1,hs-ready,3055,,0,
scene,func_scene_004000FC,140,35,False,True,0,6,0,1,1,0,,hs-import-ok,,,0,
scene,func_scene_00400188,288,72,True,True,0,6,0,1,1,0,,hs-ready,385,,0,
scene,func_scene_004002A8,72,18,True,True,0,1,0,0,1,1,,banked,30,,0,
scene,func_scene_004002F0,132,33,True,True,0,4,0,1,1,1,,banked,,,0,
scene,func_scene_00400374,128,32,True,True,0,4,0,1,1,1,,banked,,,0,
scene,func_scene_004003F4,2148,537,True,True,59,69,0,1,1,1,,hs-import-ok,,,0,
scene,func_scene_00400C60,88,22,True,False,3,2,0,1,0,0,,banked,,,0,
scene,func_scene_00400CB8,340,85,True,True,12,2,0,1,1,0,,hs-ready,60,,0,
scene,func_scene_00400EC8,908,227,True,False,18,0,0,1,0,1,,hs-import-ok,,,0,
scene,func_scene_00401254,92,23,False,True,0,2,1,1,1,0,,banked,35,,0,
scene,func_scene_004012B8,108,27,True,False,3,0,0,1,0,0,,hs-ready,835,,0,
scene,func_scene_00401324,208,52,True,False,3,8,0,1,0,0,,hs-ready,1520,,0,
scene,func_scene_00401438,428,110,True,False,55,14,0,1,1,1,,hs-import-ok,,,0,
letter,func_letter_00400140,240,60,True,True,0,2,0,1,1,0,,asm,,,0,
letter,func_letter_00400230,440,110,True,True,11,6,0,1,1,0,,asm,,,0,
letter,func_letter_00400420,84,24,True,False,2,0,0,1,0,0,,asm,,,0,
caranim,func_caranim_00400308,164,41,True,False,0,4,0,0,0,0,,asm,,,0,
caranim,func_caranim_004003AC,988,247,True,True,40,5,0,1,1,1,,asm,,,0,
caranim,func_caranim_004007B0,856,214,True,True,7,22,0,1,1,1,,asm,,,0,
caranim,func_caranim_00400B08,388,97,True,False,0,8,0,1,0,1,,asm,,,0,
caranim,func_caranim_00400C8C,1940,485,True,True,49,72,1,0,1,0,,asm,,,0,
caranim,func_caranim_00401420,116,29,True,True,0,4,0,1,1,0,,asm,,,0,
caranim,func_caranim_004014A4,56,14,False,True,0,2,1,1,1,0,,asm,,,0,
caranim,func_caranim_004014DC,136,34,True,False,0,0,0,1,0,0,,asm,,,0,
caranim,func_caranim_00401564,1388,347,True,True,30,2,0,1,1,1,,asm,,,0,
caranim,func_caranim_00401AD0,248,62,True,False,10,1,0,1,0,0,,asm,,,0,
caranim,func_caranim_00401C04,80,20,False,False,0,2,0,0,0,0,S,hs-ready,30,,0,
caranim,func_caranim_00401C54,280,70,True,False,17,8,0,1,1,0,,asm,,,0,
caranim,func_caranim_00401D6C,4712,1178,True,True,217,147,1,0,1,0,,asm,,,0,
caranim,func_caranim_00402FD4,1056,264,True,False,46,15,0,1,0,1,,asm,,,0,
caranim,func_caranim_004033F4,408,102,True,False,46,10,0,1,0,0,,asm,,,0,
caranim,func_caranim_0040358C,400,100,True,False,3,11,0,1,0,1,,asm,,,0,
caranim,func_caranim_0040371C,708,177,True,False,113,22,1,1,0,0,,asm,,,0,
caranim,func_caranim_004039E0,160,40,True,False,0,0,1,1,0,0,,asm,,,0,
caranim,func_caranim_00403A80,348,87,True,True,17,4,0,1,1,0,,asm,,,0,
caranim,func_caranim_00403BDC,1176,294,True,True,88,18,0,1,1,0,,asm,,,0,
caranim,func_caranim_00404074,432,108,True,True,0,20,0,1,1,0,,asm,,,0,
caranim,func_caranim_00404224,160,40,False,False,11,6,0,1,0,0,S,asm,,,0,
caranim,func_caranim_004042C4,676,169,True,True,70,21,1,1,1,1,,asm,,,0,
caranim,func_caranim_00404568,1240,310,True,False,89,22,0,1,0,1,,asm,,,0,
caranim,func_caranim_00404A40,140,35,True,False,0,4,0,1,0,0,,asm,,,0,
caranim,func_caranim_00404ACC,468,117,True,True,0,3,0,1,1,0,,asm,,,0,
caranim,func_caranim_00404CA0,1268,317,True,True,0,24,0,1,1,0,,asm,,,0,
caranim,func_caranim_00405194,140,35,True,False,0,2,0,1,0,1,,asm,,,0,
caranim,func_caranim_00405220,228,57,True,False,0,0,1,1,0,0,,asm,,,0,
caranim,func_caranim_00405304,432,108,True,True,0,9,0,1,1,0,,asm,,,0,
caranim,func_caranim_004054B4,1116,279,True,True,50,36,0,1,1,1,,asm,,,0,
caranim,func_caranim_00405910,532,133,True,True,0,11,0,1,1,0,,asm,,,0,
caranim,func_caranim_00405B24,88,22,True,False,0,0,0,1,0,0,,asm,,,0,
caranim,func_caranim_00405B7C,616,154,True,True,8,17,0,1,1,1,,asm,,,0,
caranim,func_caranim_00405DE4,516,129,True,False,20,10,0,1,0,0,,asm,,,0,
caranim,func_caranim_00405FE8,84,21,False,False,0,2,0,0,0,0,S,banked,,,0,
caranim,func_caranim_0040603C,88,22,False,True,0,3,0,1,1,0,,asm,,,0,
caranim,func_caranim_00406094,76,19,False,True,0,2,1,1,1,0,,asm,,,0,
caranim,func_caranim_004060EC,108,27,True,False,0,2,1,1,0,0,,asm,,,0,
caranim,func_caranim_00406158,116,30,True,False,0,0,0,1,0,0,,asm,,,0,
uvmodel_rom,func_uvmodel_rom_00400324,12,3,False,False,0,0,0,0,0,0,S,banked,,,0,
uvmodel_rom,func_uvmodel_rom_00400330,16,4,False,False,0,0,0,0,0,0,S,banked,,,0,
uvmodel_rom,func_uvmodel_rom_004003A4,184,46,True,False,12,2,0,1,0,0,,hs-ready,985,,0,
uvmodel_rom,func_uvmodel_rom_0040045C,428,107,True,True,4,14,1,0,1,0,,hs-import-ok,,,0,
uvmodel_rom,func_uvmodel_rom_00400608,172,43,False,True,8,5,1,1,1,0,,hs-ready,210,,0,
uvmodel_rom,func_uvmodel_rom_004006B4,4840,1210,True,True,349,97,0,1,1,0,,hs-ready,112050,,0,
uvmodel_rom,func_uvmodel_rom_0040199C,1984,496,True,True,67,30,0,1,1,1,,hs-import-ok,,,0,
uvmodel_rom,func_uvmodel_rom_0040215C,200,50,True,False,10,6,0,1,1,1,,hs-ready,1770,,0,
uvmodel_rom,func_uvmodel_rom_004022E4,2028,507,False,False,289,79,1,1,1,0,S,hs-ready,20025,,0,
uvmodel_rom,func_uvmodel_rom_00402AFC,156,39,True,False,0,3,1,1,0,0,,hs-ready,2765,,0,
uvmodel_rom,func_uvmodel_rom_00402BB8,308,77,True,True,0,6,0,1,1,0,,hs-ready,70,,0,
uvmodel_rom,func_uvmodel_rom_00402CEC,356,89,True,True,0,7,0,1,1,0,,hs-ready,205,,0,
powerup,func_powerup_004000F0,144,36,True,True,0,2,0,1,1,0,,asm,,,0,
powerup,func_powerup_00400180,432,108,True,True,17,6,0,1,1,0,,asm,,,0,
powerup,func_powerup_00400368,84,22,True,False,2,0,0,1,0,0,,asm,,,0,
snd,func_snd_004004F8,208,52,True,True,5,2,0,1,1,1,,asm,,,0,
snd,func_snd_004005C8,392,98,True,False,41,10,0,1,1,1,,asm,,,0,
snd,func_snd_00400750,260,65,True,False,22,8,0,1,1,1,,asm,,,0,
snd,func_snd_00400854,248,62,True,False,8,2,0,1,0,1,,asm,,,0,
snd,func_snd_0040094C,280,70,True,False,8,1,1,1,0,1,,asm,,,0,
snd,func_snd_00400A64,168,42,True,False,0,2,1,1,0,0,,asm,,,0,
snd,func_snd_00400B0C,72,18,True,False,0,1,1,1,0,0,,asm,,,0,
snd,func_snd_00400B54,388,97,True,False,35,10,1,1,1,0,,asm,,,0,
snd,func_snd_00400CD8,260,65,True,True,8,6,1,1,1,0,,asm,,,0,
snd,func_snd_00400DDC,180,45,True,True,0,5,1,1,1,0,,asm,,,0,
snd,func_snd_00400EC0,376,94,True,False,0,18,0,0,0,1,,asm,,,0,
snd,func_snd_00401038,700,175,True,True,9,18,0,1,1,1,,asm,,,0,
snd,func_snd_00401304,216,54,True,False,0,7,0,1,1,1,,asm,,,0,
snd,func_snd_004013DC,88,22,True,False,3,0,0,1,0,0,,asm,,,0,
snd,func_snd_004014E0,132,33,False,False,8,2,0,1,0,0,S,asm,,,0,
snd,func_snd_00401564,236,59,True,True,4,6,0,1,1,0,,asm,,,0,
snd,func_snd_00401694,364,91,True,False,11,6,0,1,1,1,,asm,,,0,
snd,func_snd_00401800,276,69,True,False,21,5,0,1,1,1,,asm,,,0,
snd,func_snd_00401914,276,69,True,False,21,5,0,1,1,1,,asm,,,0,
snd,func_snd_00401A28,128,32,True,False,3,6,0,1,0,1,,asm,,,0,
snd,func_snd_00401AA8,564,141,True,False,6,12,0,1,1,1,,asm,,,0,
snd,func_snd_00401CDC,56,14,True,False,0,1,0,1,0,1,,asm,,,0,
snd,func_snd_00401D14,64,16,True,False,0,1,1,1,0,1,,asm,,,0,
snd,func_snd_00401D54,76,19,True,False,0,1,0,1,0,1,,asm,,,0,
snd,func_snd_00401DA0,104,26,True,False,0,1,0,1,0,1,,asm,,,0,
snd,func_snd_00401E08,104,26,True,False,0,1,0,1,0,1,,asm,,,0,
snd,func_snd_00401E70,72,18,True,False,0,1,1,1,0,1,,asm,,,0,
snd,func_snd_00401EB8,144,36,True,False,11,4,1,1,1,1,,asm,,,0,
snd,func_snd_00401F48,144,36,True,False,11,4,1,1,1,1,,asm,,,0,
snd,func_snd_00401FD8,72,18,True,False,0,1,1,1,0,1,,asm,,,0,
snd,func_snd_00402020,100,25,True,False,0,5,0,1,0,1,,asm,,,0,
snd,func_snd_00402084,76,19,True,False,2,2,0,1,0,1,,asm,,,0,
snd,func_snd_004020D0,76,19,True,False,2,2,0,1,0,1,,asm,,,0,
snd,func_snd_0040211C,80,20,True,False,2,2,0,1,0,1,,asm,,,0,
snd,func_snd_0040216C,176,44,True,False,13,4,0,1,1,1,,asm,,,0,
snd,func_snd_0040221C,180,45,True,False,13,4,0,1,1,1,,asm,,,0,
snd,func_snd_004022D0,76,19,True,False,3,1,1,1,0,1,,asm,,,0,
snd,func_snd_0040231C,76,19,True,False,2,1,0,1,0,1,,asm,,,0,
snd,func_snd_00402368,32,8,False,False,1,0,1,1,0,0,P3,no-seed,,,0,
snd,func_snd_004023A8,44,11,False,False,3,0,1,1,0,0,P3,no-seed,,,0,
snd,func_snd_004023F4,48,12,False,False,0,1,1,0,0,0,P1,hs-ready,320,,0,
snd,func_snd_00402424,224,56,True,True,5,4,0,1,1,1,,asm,,,0,
snd,func_snd_00402504,40,10,False,False,2,1,1,1,0,0,P3,import-ok-nobase,,,0,
snd,func_snd_0040252C,192,48,True,True,0,4,1,1,1,0,,asm,,,0,
snd,func_snd_0040260C,64,16,False,True,0,1,0,1,1,0,,asm,,,0,
snd,func_snd_00402660,392,98,True,True,5,7,0,1,1,1,,asm,,,0,
snd,func_snd_004027E8,100,25,True,False,0,5,0,1,1,1,,asm,,,0,
snd,func_snd_0040284C,756,189,True,True,29,19,0,1,1,1,,asm,,,0,
snd,func_snd_00402B40,640,160,True,True,32,17,0,1,1,0,,asm,,,0,
snd,func_snd_00402DC0,92,23,True,False,0,2,1,1,0,0,,asm,,,0,
uvchannel_rom,func_uvchannel_rom_00400288,852,213,True,True,12,18,1,0,1,0,,asm,,,0,
uvchannel_rom,func_uvchannel_rom_004005DC,1272,318,True,True,24,44,1,0,1,0,,asm,,,0,
uvchannel_rom,func_uvchannel_rom_00400EFC,892,223,True,False,0,6,1,0,1,0,,asm,,,0,
mult3,func_mult3_004000D4,80,20,True,False,0,0,0,0,0,0,,asm,,,0,
glare,func_glare_004000D0,160,40,True,False,0,0,0,1,0,0,,asm,,,0,
glare,func_glare_00400170,936,234,False,True,32,49,1,0,1,0,,asm,,,0,
glare,func_glare_00400518,408,102,True,False,36,3,0,1,0,0,,asm,,,0,
glare,func_glare_004006B0,828,207,True,True,97,11,0,1,1,1,,asm,,,0,
glare,func_glare_004009EC,440,110,True,False,49,8,1,1,0,0,,asm,,,0,
glare,func_glare_00400BA4,508,127,True,True,11,9,0,1,1,0,,asm,,,0,
scrn,func_scrn_0040009C,320,80,True,True,0,5,0,1,1,0,,asm,,,0,
scrn,func_scrn_004001E8,148,37,True,True,0,3,1,1,1,0,,asm,,,0,
scrn,func_scrn_0040027C,284,71,True,True,7,4,0,1,1,0,,asm,,,0,
scrn,func_scrn_00400398,220,55,True,False,2,1,0,1,0,1,,asm,,,0,
scrn,func_scrn_00400474,76,19,False,True,0,2,1,1,1,0,,asm,,,0,
misc,func_misc_00400AD0,288,72,True,False,40,10,1,1,0,0,,asm,,,0,
misc,func_misc_00401080,548,137,False,False,89,10,1,0,1,0,S,hs-ready,4055,,0,
misc,func_misc_004012E4,328,82,True,False,41,0,0,1,0,0,,asm,,,0,
misc,func_misc_0040146C,188,47,False,True,23,6,1,0,1,0,,asm,,,0,
misc,func_misc_00401528,120,30,False,True,14,4,1,0,1,0,,asm,,,0,
misc,func_misc_004015A0,116,29,False,True,14,4,1,0,1,0,,asm,,,0,
misc,func_misc_00401614,184,46,False,True,21,6,1,0,1,0,,asm,,,0,
misc,func_misc_004016CC,220,55,True,False,25,7,1,1,1,0,,asm,,,0,
misc,func_misc_004017A8,28,7,False,False,5,0,1,1,0,0,P3,no-seed,,,0,
misc,func_misc_004017C4,56,14,True,False,1,0,1,1,0,1,,asm,,,0,
misc,func_misc_004017FC,128,32,True,False,14,2,1,1,0,1,,asm,,,0,
misc,func_misc_0040187C,48,12,False,False,11,0,1,1,0,0,P3,banked,65,,0,
misc,func_misc_004018AC,36,9,False,False,7,0,1,1,0,0,P3,ready,30,,0,
misc,func_misc_004018D0,36,9,False,False,8,0,1,1,0,0,P3,banked,20,,0,
misc,func_misc_00401938,68,17,False,False,14,0,1,1,0,0,P3,no-seed,,,0,
misc,func_misc_00401990,108,27,True,False,5,0,0,0,0,1,,asm,,,0,
misc,func_misc_004019FC,1048,262,True,False,183,34,1,1,1,0,,asm,,,0,
misc,func_misc_00401E14,52,13,False,False,12,0,1,1,0,0,P3,ready,30,,0,
misc,func_misc_00401EA8,132,33,False,False,30,0,1,1,0,0,P3,no-seed,,,0,
misc,func_misc_00401F48,88,22,False,False,21,0,1,1,0,0,P3,ready,130,,0,
misc,func_misc_00401FA0,412,103,True,False,55,0,1,1,0,0,,asm,,,0,
misc,func_misc_0040213C,528,132,True,False,75,6,1,1,0,0,,asm,,,0,
misc,func_misc_0040234C,476,119,True,False,82,1,0,1,0,1,,asm,,,0,
misc,func_misc_00402528,368,92,False,False,80,0,1,1,0,0,P3,no-seed,,,0,
misc,func_misc_00402698,152,38,True,False,16,0,1,1,0,1,,asm,,,0,
misc,func_misc_00402730,324,81,True,False,54,4,1,1,0,0,,asm,,,0,
misc,func_misc_00402874,360,90,True,True,27,7,0,1,1,0,,asm,,,0,
misc,func_misc_004029DC,128,32,True,False,4,6,0,1,0,0,,asm,,,0,
misc,func_misc_00402A5C,416,104,True,False,62,0,1,1,0,0,,asm,,,0,
misc,func_misc_00402BFC,332,83,True,False,38,2,1,1,0,0,,asm,,,0,
misc,func_misc_00402D48,332,83,False,True,37,10,1,0,1,0,,asm,,,0,
misc,func_misc_00402E94,104,26,False,False,21,0,1,1,0,0,P3,no-seed,,,0,
misc,func_misc_00402EFC,260,65,False,False,36,13,1,0,0,0,P2,hs-ready,2215,,0,
misc,func_misc_00403000,272,68,True,False,25,2,1,1,0,1,,asm,,,0,
misc,func_misc_00403110,496,124,True,True,0,9,0,1,1,0,,asm,,,0,
misc,func_misc_00403348,776,194,True,False,98,22,1,1,0,0,,asm,,,0,
misc,func_misc_00403650,248,62,True,False,9,0,0,1,0,1,,asm,,,0,
misc,func_misc_00403748,400,100,True,False,23,13,0,1,0,0,,asm,,,0,
misc,func_misc_004038D8,388,97,True,False,6,5,1,1,0,0,,asm,,,0,
misc,func_misc_00403A5C,400,100,True,False,6,3,1,1,0,0,,asm,,,0,
misc,func_misc_00403BEC,184,46,True,False,0,0,1,1,0,0,,asm,,,0,
misc,func_misc_00403CA4,52,13,True,False,1,0,0,1,0,1,,asm,,,0,
misc,func_misc_00403CD8,180,45,True,False,18,5,1,1,1,0,,asm,,,0,
misc,func_misc_00403D8C,1052,263,False,True,0,40,1,0,1,0,,asm,,,0,
misc,func_misc_004041B4,88,23,False,False,6,1,1,0,0,0,P2,hs-ready,420,,0,
uvterra_rom,func_uvterra_rom_00400640,160,40,True,False,0,0,0,1,0,0,,asm,,,0,
uvterra_rom,func_uvterra_rom_0040078C,1764,441,True,True,133,39,0,1,1,1,,asm,,,0,
uvterra_rom,func_uvterra_rom_00401284,2980,745,True,True,271,82,0,1,1,1,,asm,,,0,
uvterra_rom,func_uvterra_rom_00401E64,992,248,True,True,63,26,0,1,1,1,,asm,,,0,
uvterra_rom,func_uvterra_rom_00402244,4140,1035,True,True,460,133,0,1,1,1,,asm,,,0,
uvterra_rom,func_uvterra_rom_00403270,500,125,True,False,0,13,0,1,0,0,,asm,,,0,
uvterra_rom,func_uvterra_rom_00403464,460,115,True,False,27,2,0,1,0,0,,asm,,,0,
uvterra_rom,func_uvterra_rom_00403630,392,98,True,False,31,13,0,1,0,0,,asm,,,0,
uvterra_rom,func_uvterra_rom_004037B8,164,41,True,False,7,2,0,1,0,0,,asm,,,0,
uvterra_rom,func_uvterra_rom_0040385C,5560,1390,True,True,570,177,0,1,1,1,,asm,,,0,
uvterra_rom,func_uvterra_rom_00404E14,4752,1188,True,True,368,113,0,1,1,1,,asm,,,0,
uvterra_rom,func_uvterra_rom_004060A4,188,47,True,False,0,8,0,1,0,0,,asm,,,0,
uvterra_rom,func_uvterra_rom_00406160,452,113,True,True,0,15,0,1,1,0,,asm,,,0,
uvterra_rom,func_uvterra_rom_00406324,804,201,False,True,70,21,0,1,1,0,,asm,,,0,
uvterra_rom,func_uvterra_rom_00406648,1560,390,True,True,108,36,0,1,0,1,,asm,,,0,
uvterra_rom,func_uvterra_rom_00406C60,1348,337,True,False,112,22,0,1,0,1,,asm,,,0,
uvterra_rom,func_uvterra_rom_004071A4,280,70,True,True,15,5,0,0,1,1,,asm,,,0,
uvterra_rom,func_uvterra_rom_004072EC,512,128,True,True,30,9,0,1,1,1,,asm,,,0,
uvterra_rom,func_uvterra_rom_004074EC,404,101,True,True,0,13,0,1,1,0,,asm,,,0,
uvterra_rom,func_uvterra_rom_00407680,40,10,False,False,4,0,1,0,0,0,P2,banked,40,,0,
uvterra_rom,func_uvterra_rom_004076A8,984,246,True,True,57,26,0,1,1,1,,asm,,,0,
uvterra_rom,func_uvterra_rom_00407A80,20,5,False,False,0,0,0,0,0,0,S,banked,,,0,
uvterra_rom,func_uvterra_rom_00407A94,120,30,True,False,0,0,0,1,0,1,,asm,,,0,
uvterra_rom,func_uvterra_rom_00407B0C,848,212,True,True,12,23,0,1,1,0,,asm,,,0,
uvterra_rom,func_uvterra_rom_00407E5C,120,30,True,False,0,0,0,1,0,1,,asm,,,0,
uvterra_rom,func_uvterra_rom_00407ED4,1068,267,True,True,39,23,0,1,1,0,,asm,,,0,
uvterra_rom,func_uvterra_rom_00408300,564,141,True,False,58,18,0,1,1,1,,asm,,,0,
uvterra_rom,func_uvterra_rom_00408534,224,56,True,True,0,9,0,1,1,1,,asm,,,0,
uvterra_rom,func_uvterra_rom_00408614,452,113,True,True,44,8,0,1,0,1,,asm,,,0,
uvterra_rom,func_uvterra_rom_004087D8,52,13,True,False,0,2,1,0,0,1,,asm,,,0,
uvterra_rom,func_uvterra_rom_0040880C,128,32,True,False,0,5,0,0,0,1,,asm,,,0,
uvterra_rom,func_uvterra_rom_0040888C,588,147,True,True,10,18,0,1,1,1,,asm,,,0,
uvterra_rom,func_uvterra_rom_00408AD8,2236,559,True,True,206,50,0,1,1,1,,asm,,,0,
uvterra_rom,func_uvterra_rom_00409394,3320,830,True,True,365,89,0,1,1,1,,asm,,,0,
uvterra_rom,func_uvterra_rom_0040A08C,944,236,True,True,27,18,0,1,1,0,,asm,,,0,
uvterra_rom,func_uvterra_rom_0040A43C,864,216,True,True,31,18,0,1,1,0,,asm,,,0,
uvterra_rom,func_uvterra_rom_0040A79C,888,222,True,True,39,16,0,1,1,0,,asm,,,0,
uvterra_rom,func_uvterra_rom_0040AB14,160,40,True,True,0,7,0,1,1,1,,asm,,,0,
uvterra_rom,func_uvterra_rom_0040ABB4,44,11,True,False,0,1,1,1,0,1,,asm,,,0,
uvterra_rom,func_uvterra_rom_0040ABE0,52,13,True,False,0,2,1,1,0,1,,asm,,,0,
uvterra_rom,func_uvterra_rom_0040AC14,120,30,True,False,0,4,0,1,0,0,,asm,,,0,
uvterra_rom,func_uvterra_rom_0040AC9C,432,108,True,True,9,11,0,1,1,1,,asm,,,0,
uvterra_rom,func_uvterra_rom_0040AE4C,396,99,True,True,11,4,0,1,1,1,,asm,,,0,
uvterra_rom,func_uvterra_rom_0040AFD8,236,59,True,False,0,3,0,1,0,1,,asm,,,0,
uvterra_rom,func_uvterra_rom_0040B0C4,424,106,False,False,0,19,0,0,0,0,S,hs-ready,11755,,0,
uvterra_rom,func_uvterra_rom_0040B26C,1620,405,False,False,222,65,1,0,0,0,P2,hs-ready,625,,0,
uvterra_rom,func_uvterra_rom_0040B8C0,768,192,False,False,76,27,1,1,0,0,P3,no-seed,,,0,
uvterra_rom,func_uvterra_rom_0040BBC0,376,94,False,True,49,10,1,0,1,0,,asm,,,0,
uvterra_rom,func_uvterra_rom_0040BD38,572,143,True,True,81,16,1,0,1,1,,asm,,,0,
uvterra_rom,func_uvterra_rom_0040BF74,280,70,True,False,34,1,0,1,0,1,,asm,,,0,
uvterra_rom,func_uvterra_rom_0040C08C,108,27,True,False,0,0,0,0,0,0,,asm,,,0,
uvterra_rom,func_uvterra_rom_0040C0F8,288,72,False,True,34,8,1,1,1,0,,asm,,,0,
uvterra_rom,func_uvterra_rom_0040C218,632,158,True,True,11,16,0,1,1,1,,asm,,,0,
uvterra_rom,func_uvterra_rom_0040C490,124,31,False,False,15,4,1,1,0,0,P3,no-seed,,,0,
uvterra_rom,func_uvterra_rom_0040C50C,1164,291,True,False,114,47,0,1,0,1,,asm,,,0,
uvterra_rom,func_uvterra_rom_0040C998,204,51,True,False,32,0,1,1,0,0,,asm,,,0,
uvterra_rom,func_uvterra_rom_0040CA64,1092,273,True,True,44,23,0,1,1,0,,asm,,,0,
uvterra_rom,func_uvterra_rom_0040CEA8,240,60,True,False,18,5,1,1,0,1,,asm,,,0,
uvterra_rom,func_uvterra_rom_0040CF98,184,46,False,False,0,5,1,1,0,0,P1,no-seed,,,0,
uvterra_rom,func_uvterra_rom_0040D050,216,54,True,False,0,0,1,1,0,0,,asm,,,0,
uvterra_rom,func_uvterra_rom_0040D128,548,138,True,False,31,26,0,1,1,1,,asm,,,0,
uvpfx_rom,func_uvpfx_rom_00400264,88,22,True,False,0,0,0,1,0,0,,asm,,,0,
uvpfx_rom,func_uvpfx_rom_004002BC,220,55,True,True,2,9,0,1,1,1,,asm,,,0,
uvpfx_rom,func_uvpfx_rom_00400398,240,60,True,True,4,8,0,1,1,1,,asm,,,0,
uvpfx_rom,func_uvpfx_rom_004004D0,3580,895,True,True,126,179,1,0,1,0,,asm,,,0,
uvpfx_rom,func_uvpfx_rom_004012CC,1348,337,False,True,81,33,1,0,1,0,,asm,,,0,
uvpfx_rom,func_uvpfx_rom_00401810,120,30,True,False,0,0,0,0,0,0,,asm,,,0,
uvpfx_rom,func_uvpfx_rom_00401888,284,71,True,True,20,3,0,1,1,1,,asm,,,0,
uvpfx_rom,func_uvpfx_rom_004019A4,712,178,True,False,62,0,0,1,0,0,,asm,,,0,
uvpfx_rom,func_uvpfx_rom_00401C6C,284,71,False,False,21,6,1,1,0,0,P3,no-seed,,,0,
uvpfx_rom,func_uvpfx_rom_00401D88,244,61,True,True,7,7,0,1,1,1,,asm,,,0,
uvpfx_rom,func_uvpfx_rom_00401E7C,396,99,True,True,4,9,0,1,1,1,,asm,,,0,
uvpfx_rom,func_uvpfx_rom_00402008,204,51,True,False,2,3,0,1,0,1,,asm,,,0,
uvpfx_rom,func_uvpfx_rom_004020D4,72,18,False,False,8,0,1,1,0,0,P3,no-seed,,,0,
uvpfx_rom,func_uvpfx_rom_0040211C,224,56,True,True,8,3,1,1,1,0,,asm,,,0,
uvpfx_rom,func_uvpfx_rom_004021FC,560,140,True,True,46,19,1,1,1,0,,asm,,,0,
uvpfx_rom,func_uvpfx_rom_0040242C,4896,1224,True,True,434,76,0,1,1,1,,asm,,,0,
uvpfx_rom,func_uvpfx_rom_0040374C,208,52,True,True,8,2,1,1,1,0,,asm,,,0,
uvpfx_rom,func_uvpfx_rom_0040381C,44,11,False,False,2,0,1,1,0,0,P3,no-seed,,,0,
uvpfx_rom,func_uvpfx_rom_00403848,80,20,False,False,0,2,1,1,0,0,P1,no-seed,,,0,
uvpfx_rom,func_uvpfx_rom_00403898,560,140,True,True,47,7,1,1,1,0,,asm,,,0,
uvpfx_rom,func_uvpfx_rom_00403AC8,3992,998,True,True,326,52,0,1,1,1,,asm,,,0,
uvpfx_rom,func_uvpfx_rom_00404A60,716,179,True,False,76,0,1,1,0,0,,asm,,,0,
caraudio,func_caraudio_0040034C,100,25,True,False,0,0,0,1,0,1,,asm,,,0,
caraudio,func_caraudio_004003B0,416,104,True,False,0,5,0,1,0,0,,asm,,,0,
caraudio,func_caraudio_00400550,440,110,True,False,0,4,0,1,0,0,,asm,,,0,
caraudio,func_caraudio_00400708,80,20,True,False,2,0,0,1,0,1,,asm,,,0,
caraudio,func_caraudio_00400758,436,109,True,True,0,12,0,1,1,1,,asm,,,0,
caraudio,func_caraudio_0040090C,1192,298,True,False,58,30,0,1,0,1,,asm,,,0,
caraudio,func_caraudio_00400DB4,752,188,True,False,54,11,0,1,0,1,,asm,,,0,
caraudio,func_caraudio_004010A4,1300,325,True,False,54,22,0,1,1,1,,asm,,,0,
caraudio,func_caraudio_004015B8,224,56,True,False,11,2,0,1,0,0,,asm,,,0,
caraudio,func_caraudio_00401698,132,33,True,False,0,2,0,1,0,1,,asm,,,0,
caraudio,func_caraudio_0040171C,748,187,True,False,29,17,0,1,1,1,,asm,,,0,
caraudio,func_caraudio_00401A08,1308,327,True,False,88,25,0,1,1,0,,asm,,,0,
caraudio,func_caraudio_00401F24,208,52,True,False,13,2,1,1,0,0,,asm,,,0,
caraudio,func_caraudio_00401FF4,80,20,True,False,0,0,1,1,0,0,,asm,,,0,
caraudio,func_caraudio_00402070,284,71,True,False,25,2,1,1,0,0,,asm,,,0,
caraudio,func_caraudio_0040218C,304,76,True,False,0,5,0,1,1,0,,asm,,,0,
caraudio,func_caraudio_004022BC,1260,315,True,False,0,116,1,1,0,1,,asm,,,0,
caraudio,func_caraudio_004027A8,492,123,False,False,0,17,1,0,1,0,S,hs-ready,9920,,0,
caraudio,func_caraudio_00402994,100,25,False,False,0,4,1,1,0,0,P1,no-seed,,,0,
caraudio,func_caraudio_004029F8,296,74,False,False,33,13,1,1,0,0,P3,no-seed,,,0,
caraudio,func_caraudio_00402B20,232,58,True,False,18,4,0,1,1,0,,asm,,,0,
caraudio,func_caraudio_00402C10,148,37,True,False,8,0,1,1,0,0,,asm,,,0,
caraudio,func_caraudio_00402CA4,320,80,True,False,0,3,0,1,0,0,,asm,,,0,
caraudio,func_caraudio_00402E00,580,145,True,True,45,7,0,1,1,0,,asm,,,0,
caraudio,func_caraudio_00403044,300,75,True,False,9,1,0,1,0,0,,asm,,,0,
caraudio,func_caraudio_00403170,112,28,True,False,2,0,0,1,0,0,,asm,,,0,
caraudio,func_caraudio_004031E0,396,99,True,False,10,8,0,1,0,0,,asm,,,0,
caraudio,func_caraudio_0040336C,1552,388,True,True,37,35,0,1,1,1,,asm,,,0,
caraudio,func_caraudio_0040397C,176,44,True,False,8,0,0,1,0,0,,asm,,,0,
caraudio,func_caraudio_00403A2C,96,25,True,False,0,1,0,1,0,0,,asm,,,0,
uvdyn_rom,func_uvdyn_rom_00400564,144,36,True,False,0,0,0,0,0,0,,asm,,,0,
uvdyn_rom,func_uvdyn_rom_004005F4,112,28,True,True,0,2,0,0,1,1,,asm,,,0,
uvdyn_rom,func_uvdyn_rom_00400664,112,28,True,True,0,2,0,0,1,1,,asm,,,0,
uvdyn_rom,func_uvdyn_rom_0040071C,672,168,True,False,66,3,0,1,0,0,,asm,,,0,
uvdyn_rom,func_uvdyn_rom_004009BC,88,22,True,False,0,0,0,1,0,0,,asm,,,0,
uvdyn_rom,func_uvdyn_rom_00400A14,500,125,True,False,28,4,0,1,0,0,,asm,,,0,
uvdyn_rom,func_uvdyn_rom_00400C08,568,142,True,True,18,9,0,1,1,1,,asm,,,0,
uvdyn_rom,func_uvdyn_rom_00400E40,468,117,False,True,12,9,1,0,1,0,,asm,,,0,
uvdyn_rom,func_uvdyn_rom_00401014,3392,848,True,True,229,85,0,1,1,0,,asm,,,0,
uvdyn_rom,func_uvdyn_rom_00401D54,1496,374,True,True,103,21,0,1,1,0,,asm,,,0,
uvdyn_rom,func_uvdyn_rom_0040232C,2216,554,True,True,218,62,0,1,1,0,,asm,,,0,
uvdyn_rom,func_uvdyn_rom_00402BD4,612,153,False,True,58,17,1,1,1,0,,asm,,,0,
uvdyn_rom,func_uvdyn_rom_00402E38,1116,279,False,False,156,46,1,1,1,0,S,asm,,,0,
uvdyn_rom,func_uvdyn_rom_00403294,352,88,True,False,35,3,0,1,0,0,,asm,,,0,
uvdyn_rom,func_uvdyn_rom_004033F4,212,53,False,False,38,4,1,1,0,0,P3,no-seed,,,0,
uvdyn_rom,func_uvdyn_rom_004034C8,172,43,True,False,3,0,0,1,0,0,,asm,,,0,
uvdyn_rom,func_uvdyn_rom_004035A0,388,97,True,False,10,0,0,1,0,1,,asm,,,0,
uvdyn_rom,func_uvdyn_rom_00403724,204,51,True,True,0,6,0,1,1,1,,asm,,,0,
uvdyn_rom,func_uvdyn_rom_004037F0,112,28,True,True,0,2,0,0,1,1,,asm,,,0,
uvdyn_rom,func_uvdyn_rom_00403860,444,111,True,True,0,11,0,1,1,1,,asm,,,0,
uvdyn_rom,func_uvdyn_rom_00403A1C,540,135,True,True,26,23,1,0,1,0,,asm,,,0,
uvdyn_rom,func_uvdyn_rom_00403C38,344,86,False,False,32,6,1,0,1,0,S,hs-ready,600,,0,
uvdyn_rom,func_uvdyn_rom_00403D90,520,130,True,False,1,11,1,0,1,0,,asm,,,0,
uvdyn_rom,func_uvdyn_rom_00403F98,128,32,False,False,0,8,1,0,1,0,S,hs-ready,830,,0,
uvdyn_rom,func_uvdyn_rom_00404018,436,109,True,False,0,11,1,0,1,0,,asm,,,0,
uvdyn_rom,func_uvdyn_rom_004041CC,440,110,True,False,4,7,0,1,0,1,,asm,,,0,
uvdyn_rom,func_uvdyn_rom_004043E0,240,60,True,False,0,6,1,0,1,0,,asm,,,0,
uvdyn_rom,func_uvdyn_rom_004044E4,84,21,True,False,2,1,1,1,0,0,,asm,,,0,
uvdyn_rom,func_uvdyn_rom_00404538,112,28,True,False,0,5,0,1,1,1,,asm,,,0,
uvdyn_rom,func_uvdyn_rom_004045B0,196,49,True,True,0,8,0,1,1,1,,asm,,,0,
uvdyn_rom,func_uvdyn_rom_00404674,64,16,False,True,0,4,1,1,1,0,,asm,,,0,
uvdyn_rom,func_uvdyn_rom_00404750,204,51,True,True,2,4,1,1,1,0,,asm,,,0,
uvdyn_rom,func_uvdyn_rom_00404834,248,62,False,True,0,11,1,1,1,0,,asm,,,0,
uvdyn_rom,func_uvdyn_rom_0040492C,20,5,False,False,0,0,0,0,0,0,S,banked,,,0,
uvdyn_rom,func_uvdyn_rom_0040495C,156,39,True,False,0,2,1,1,0,0,,asm,,,0,
uvdyn_rom,func_uvdyn_rom_004049F8,96,24,True,False,4,0,1,1,0,0,,asm,,,0,
uvdyn_rom,func_uvdyn_rom_00404A58,116,29,True,False,4,1,0,1,0,0,,asm,,,0,
uvdyn_rom,func_uvdyn_rom_00404AF0,180,45,True,False,0,2,1,1,0,0,,asm,,,0,
uvdyn_rom,func_uvdyn_rom_00404BC0,160,40,False,False,0,2,1,1,0,0,P1,no-seed,,,0,
uvdyn_rom,func_uvdyn_rom_00404C60,136,34,False,False,0,4,1,1,0,0,P1,no-seed,,,0,
uvdyn_rom,func_uvdyn_rom_00404CE8,248,62,False,False,0,7,1,1,0,0,P1,no-seed,,,0,
uvdyn_rom,func_uvdyn_rom_00404DE0,296,74,True,True,2,3,0,1,1,0,,asm,,,0,
uvdyn_rom,func_uvdyn_rom_00404F8C,84,21,True,False,0,2,0,1,0,0,,asm,,,0,
uvdyn_rom,func_uvdyn_rom_00405040,172,43,True,False,0,0,1,1,0,0,,asm,,,0,
uvdyn_rom,func_uvdyn_rom_004050EC,9384,2346,True,True,118,238,0,1,1,1,,asm,,,0,
uvdyn_rom,func_uvdyn_rom_00407594,392,98,True,False,9,9,0,1,0,0,,asm,,,0,
uvdyn_rom,func_uvdyn_rom_0040771C,668,167,True,False,17,6,0,1,1,1,,asm,,,0,
uvdyn_rom,func_uvdyn_rom_004079B8,588,147,True,False,9,12,0,1,0,1,,asm,,,0,
uvdyn_rom,func_uvdyn_rom_00407C04,148,37,True,False,6,3,1,1,0,0,,asm,,,0,
uvdyn_rom,func_uvdyn_rom_00407C98,344,86,True,False,4,2,0,1,0,1,,asm,,,0,
uvdyn_rom,func_uvdyn_rom_00407DF0,2812,703,True,True,98,70,0,1,1,1,,asm,,,0,
uvdyn_rom,func_uvdyn_rom_004088EC,480,120,True,False,2,11,0,1,0,1,,asm,,,0,
uvdyn_rom,func_uvdyn_rom_00408ACC,764,191,True,False,2,11,0,1,0,1,,asm,,,0,
uvdyn_rom,func_uvdyn_rom_00408DC8,584,146,True,False,38,6,0,1,0,1,,asm,,,0,
uvdyn_rom,func_uvdyn_rom_00409010,776,194,True,True,2,8,0,1,1,0,,asm,,,0,
uvdyn_rom,func_uvdyn_rom_00409318,436,109,True,False,4,4,0,1,0,1,,asm,,,0,
uvdyn_rom,func_uvdyn_rom_004094CC,128,32,True,False,0,0,0,1,0,0,,asm,,,0,
uvdyn_rom,func_uvdyn_rom_0040954C,720,180,True,False,4,2,0,1,0,1,,asm,,,0,
uvdyn_rom,func_uvdyn_rom_0040981C,324,81,True,True,3,5,0,1,1,1,,asm,,,0,
uvdyn_rom,func_uvdyn_rom_00409960,224,56,True,False,9,6,0,1,1,0,,asm,,,0,
uvdyn_rom,func_uvdyn_rom_00409A48,32,8,False,False,0,0,1,1,0,0,P1,deferred-manual,15,,0,nonsense-winner
uvdyn_rom,func_uvdyn_rom_00409A7C,116,29,True,False,0,0,0,0,0,1,,asm,,,0,
uvdyn_rom,func_uvdyn_rom_00409AF0,208,52,True,True,0,6,0,1,1,1,,asm,,,0,
uvdyn_rom,func_uvdyn_rom_00409BD4,272,68,True,False,7,3,0,1,0,1,,asm,,,0,
uvdyn_rom,func_uvdyn_rom_00409CE4,308,77,True,True,0,6,1,1,1,0,,asm,,,0,
uvdyn_rom,func_uvdyn_rom_00409E18,580,145,False,True,17,25,0,1,1,0,,asm,,,0,
uvdyn_rom,func_uvdyn_rom_0040A05C,124,31,False,False,8,6,1,1,0,0,P3,no-seed,,,0,
uvdyn_rom,func_uvdyn_rom_0040A0D8,168,42,True,False,0,6,1,1,0,0,,asm,,,0,
uvdyn_rom,func_uvdyn_rom_0040A188,3620,905,True,False,195,45,0,1,1,1,,asm,,,0,
uvdyn_rom,func_uvdyn_rom_0040B00C,100,25,True,False,0,1,0,1,0,0,,asm,,,0,
uvdyn_rom,func_uvdyn_rom_0040B08C,1744,436,True,True,61,34,0,1,1,1,,asm,,,0,
uvdyn_rom,func_uvdyn_rom_0040B75C,220,55,True,False,9,7,0,1,1,0,,asm,,,0,
uvdyn_rom,func_uvdyn_rom_0040B838,616,154,True,False,21,8,0,1,1,0,,asm,,,0,
uvdyn_rom,func_uvdyn_rom_0040BAD4,136,34,True,False,0,0,0,0,0,1,,asm,,,0,
uvdyn_rom,func_uvdyn_rom_0040BB5C,236,59,True,True,0,6,0,1,1,1,,asm,,,0,
uvdyn_rom,func_uvdyn_rom_0040BC48,156,39,True,True,0,1,0,1,1,0,,asm,,,0,
uvdyn_rom,func_uvdyn_rom_0040BD14,708,177,False,True,21,30,0,1,1,0,,asm,,,0,
uvdyn_rom,func_uvdyn_rom_0040BFD8,140,35,False,False,10,6,1,1,0,0,P3,no-seed,,,0,
uvdyn_rom,func_uvdyn_rom_0040C064,156,39,False,True,0,7,1,1,1,0,,asm,,,0,
uvdyn_rom,func_uvdyn_rom_0040C100,160,40,False,True,0,7,1,1,1,0,,asm,,,0,
uvdyn_rom,func_uvdyn_rom_0040C1A0,108,27,False,True,0,4,1,1,1,0,,asm,,,0,
uvdyn_rom,func_uvdyn_rom_0040C20C,184,46,False,True,0,7,1,1,1,0,,asm,,,0,
uvdyn_rom,func_uvdyn_rom_0040C2C4,244,61,True,True,0,4,0,1,1,1,,asm,,,0,
uvdyn_rom,func_uvdyn_rom_0040C3B8,172,43,True,True,0,4,0,1,1,1,,asm,,,0,
uvdyn_rom,func_uvdyn_rom_0040C464,268,67,True,True,10,6,0,1,1,1,,asm,,,0,
uvdyn_rom,func_uvdyn_rom_0040C570,8056,2014,True,True,195,195,0,1,1,1,,asm,,,0,
uvdyn_rom,func_uvdyn_rom_0040E4E8,1024,256,True,True,59,9,1,1,1,0,,asm,,,0,
uvdyn_rom,func_uvdyn_rom_0040E8E8,3748,937,True,True,96,51,0,1,1,0,,asm,,,0,
uvdyn_rom,func_uvdyn_rom_0040F78C,1276,319,True,True,68,33,0,1,1,1,,asm,,,0,
uvdyn_rom,func_uvdyn_rom_0040FC88,1480,370,True,True,10,36,0,1,1,0,,asm,,,0,
uvdyn_rom,func_uvdyn_rom_00410250,1452,363,True,True,28,31,0,1,1,0,,asm,,,0,
uvdyn_rom,func_uvdyn_rom_004107FC,652,163,True,False,4,4,0,1,0,0,,asm,,,0,
uvdyn_rom,func_uvdyn_rom_00410A88,100,25,True,False,0,0,1,1,0,0,,asm,,,0,
uvdyn_rom,func_uvdyn_rom_00410AEC,340,85,True,False,0,10,0,1,0,0,,asm,,,0,
uvdyn_rom,func_uvdyn_rom_00410C40,276,69,False,True,0,13,1,1,1,0,,asm,,,0,
uvdyn_rom,func_uvdyn_rom_00410D80,164,41,True,False,2,0,0,1,0,0,,asm,,,0,
uvdyn_rom,func_uvdyn_rom_00410E24,204,51,True,True,0,6,0,1,1,1,,asm,,,0,
uvdyn_rom,func_uvdyn_rom_00410EF0,112,28,True,True,0,2,0,0,1,1,,asm,,,0,
uvdyn_rom,func_uvdyn_rom_00410F60,180,45,True,False,0,0,1,1,0,0,,asm,,,0,
uvdyn_rom,func_uvdyn_rom_004110D4,116,29,False,False,8,5,1,1,0,0,P3,no-seed,,,0,
uvdyn_rom,func_uvdyn_rom_00411148,440,110,True,False,13,14,1,1,0,0,,asm,,,0,
uvdyn_rom,func_uvdyn_rom_00411300,140,35,False,False,0,9,1,0,1,0,S,hs-ready,1990,,0,
uvdyn_rom,func_uvdyn_rom_0041138C,200,50,True,False,6,9,1,1,0,0,,asm,,,0,
uvdyn_rom,func_uvdyn_rom_00411454,496,124,True,False,26,11,0,1,0,0,,asm,,,0,
uvdyn_rom,func_uvdyn_rom_004116A0,164,41,True,False,0,7,0,1,0,0,,asm,,,0,
uvdyn_rom,func_uvdyn_rom_00411744,116,29,True,False,0,5,0,1,1,1,,asm,,,0,
uvdyn_rom,func_uvdyn_rom_004117C0,264,66,True,False,20,1,0,1,0,0,,asm,,,0,
uvdyn_rom,func_uvdyn_rom_004118D0,132,33,True,False,2,3,0,1,0,1,,asm,,,0,
uvdyn_rom,func_uvdyn_rom_00411954,196,51,True,False,0,1,1,1,0,0,,asm,,,0,
cam,func_cam_00400130,96,24,True,False,0,1,1,1,0,0,,hs-ready,0,,0,
cam,func_cam_00400190,1500,375,True,False,66,28,0,1,0,1,,hs-import-ok,,,0,
cam,func_cam_0040076C,84,21,True,False,0,0,1,1,0,0,,hs-ready,0,,0,
cam,func_cam_004007C0,1100,275,True,False,88,22,0,1,0,1,,hs-ready,2020,,0,
cam,func_cam_00400C0C,628,157,True,False,54,10,0,1,0,0,,hs-import-ok,,,0,
cam,func_cam_00400E80,748,187,True,False,11,28,0,1,0,1,,hs-import-ok,,,0,
cam,func_cam_0040116C,992,248,True,False,79,10,0,1,0,1,,hs-ready,3530,,0,
cam,func_cam_0040154C,116,29,True,False,0,1,1,1,0,0,,hs-ready,20,,0,
cam,func_cam_004015C0,800,200,True,False,16,19,0,1,0,1,,hs-import-ok,,,0,
cam,func_cam_004018E0,588,147,True,False,77,5,0,1,0,1,,hs-import-ok,,,0,
cam,func_cam_00401B2C,528,132,True,False,40,9,0,1,0,1,,hs-ready,780,,0,
cam,func_cam_00401D3C,1052,263,True,False,99,25,0,1,1,0,,hs-ready,9040,,0,
cam,func_cam_00402158,260,65,True,False,22,3,0,1,0,1,,hs-ready,325,,0,
cam,func_cam_0040225C,132,33,False,False,13,5,1,1,0,0,P3,hs-ready,85,,0,
cam,func_cam_004022E0,860,215,True,False,12,19,0,1,0,0,,hs-import-ok,,,0,
cam,func_cam_0040263C,760,190,True,True,66,6,0,1,1,0,,hs-import-ok,,,0,
cam,func_cam_00402934,1236,309,True,True,139,23,1,1,1,0,,asm,,,0,
cam,func_cam_00402E08,484,121,True,False,8,22,0,1,1,1,,hs-import-ok,,,0,
cam,func_cam_00402FEC,400,100,True,False,12,0,0,1,0,0,,hs-import-ok,,,0,
cam,func_cam_0040317C,56,14,True,False,0,0,1,1,0,0,,hs-ready,0,,0,
cam,func_cam_004031B4,480,120,True,False,39,4,0,1,0,1,,hs-ready,2015,,0,
cam,func_cam_00403394,1676,419,True,True,43,64,1,0,1,0,,hs-ready,22120,,0,
cam,func_cam_00403A20,124,31,True,False,17,0,1,1,0,0,,hs-ready,1985,,0,
cam,func_cam_00403A9C,48,12,True,False,0,0,1,1,0,0,,hs-import-ok,,,0,
cam,func_cam_00403ACC,1460,365,True,True,26,5,0,1,1,1,,hs-import-ok,,,0,
cam,func_cam_00404094,60,15,False,False,4,0,1,1,0,0,P3,hs-ready,0,,0,
cam,func_cam_004040D0,556,139,True,False,59,13,1,1,0,0,,hs-ready,1785,,0,
cam,func_cam_004042FC,604,151,True,False,40,4,0,1,0,1,,hs-import-ok,,,0,
cam,func_cam_00404558,692,174,True,True,50,14,0,1,1,1,,hs-import-ok,,,0,
spray,func_spray_00400138,264,66,True,True,8,5,0,1,1,0,,asm,,,0,
spray,func_spray_00400240,104,26,True,False,2,3,0,1,0,0,,asm,,,0,
spray,func_spray_004002A8,692,173,True,False,70,14,0,1,0,0,,asm,,,0,
spray,func_spray_0040055C,240,60,True,True,4,3,0,1,1,1,,asm,,,0,
spray,func_spray_0040064C,2556,641,True,True,213,29,0,1,1,0,,asm,,,0,
uvcontourld_rom,func_uvcontourld_rom_0040007C,188,47,True,True,0,3,0,0,1,1,,asm,,,0,
uvcontourld_rom,func_uvcontourld_rom_00400138,256,64,False,False,0,1,1,1,0,0,P1,no-seed,,,0,
uvcontourld_rom,func_uvcontourld_rom_00400238,2108,527,True,True,25,21,0,1,1,1,,asm,,,0,
uvcontourld_rom,func_uvcontourld_rom_00400A74,416,107,True,True,0,12,0,1,1,0,,asm,,,0,
uvenv_rom,func_uvenv_rom_004001B4,108,27,True,False,0,0,0,0,0,0,,asm,,,0,
uvenv_rom,func_uvenv_rom_00400220,560,140,False,True,52,21,1,1,1,0,,asm,,,0,
uvenv_rom,func_uvenv_rom_00400450,5380,1345,True,True,265,237,1,0,1,0,,asm,,,0,
uvenv_rom,func_uvenv_rom_00401954,1576,394,True,True,132,40,1,0,1,0,,asm,,,0,
uvenv_rom,func_uvenv_rom_00401F7C,100,25,True,False,0,5,0,1,0,0,,asm,,,0,
uvenv_rom,func_uvenv_rom_00401FE0,124,31,True,False,0,0,0,1,0,0,,asm,,,0,
uvenv_rom,func_uvenv_rom_0040205C,1248,312,True,True,0,6,0,1,1,0,,asm,,,0,
uvenv_rom,func_uvenv_rom_0040253C,2204,551,True,True,84,55,0,1,1,0,,asm,,,0,
uvenv_rom,func_uvenv_rom_00402DD8,144,36,True,False,0,5,0,0,0,0,,asm,,,0,
uvenv_rom,func_uvenv_rom_00402E68,152,38,True,False,0,3,0,1,0,0,,asm,,,0,
uvenv_rom,func_uvenv_rom_00402F00,3068,767,True,True,261,104,0,1,0,1,,asm,,,0,
uvgui_rom,func_uvgui_rom_00400510,424,106,True,True,9,5,0,1,1,1,,asm,,,0,
uvgui_rom,func_uvgui_rom_004006B8,156,39,True,True,0,3,0,1,1,1,,asm,,,0,
uvgui_rom,func_uvgui_rom_00400754,572,143,True,True,14,5,0,1,1,1,,asm,,,0,
uvgui_rom,func_uvgui_rom_00400990,1460,365,True,False,0,12,1,1,0,0,,asm,,,0,
uvgui_rom,func_uvgui_rom_00400F44,264,66,True,False,0,2,1,1,0,0,,asm,,,0,
uvgui_rom,func_uvgui_rom_0040104C,544,136,True,False,0,2,1,1,0,0,,asm,,,0,
uvgui_rom,func_uvgui_rom_00401290,808,202,True,True,68,18,0,1,1,1,,asm,,,0,
uvgui_rom,func_uvgui_rom_004015B8,92,23,False,False,0,1,1,0,1,0,S,hs-ready,340,,0,
uvgui_rom,func_uvgui_rom_00401614,140,35,True,False,0,1,0,1,0,0,,asm,,,0,
uvgui_rom,func_uvgui_rom_004016F0,1240,310,True,True,16,28,0,1,1,1,,asm,,,0,
uvgui_rom,func_uvgui_rom_00401BC8,216,54,False,True,0,1,0,1,1,0,,asm,,,0,
uvgui_rom,func_uvgui_rom_00401CA0,64,16,False,True,0,2,0,1,1,0,,asm,,,0,
uvgui_rom,func_uvgui_rom_00401D10,100,25,True,True,0,3,0,0,1,0,,asm,,,0,
uvgui_rom,func_uvgui_rom_00401DC4,732,183,True,False,0,31,0,1,1,1,,asm,,,0,
uvgui_rom,func_uvgui_rom_004020A0,380,95,True,False,0,18,0,1,0,1,,asm,,,0,
uvgui_rom,func_uvgui_rom_00402268,160,40,True,False,0,2,0,1,0,1,,asm,,,0,
uvgui_rom,func_uvgui_rom_00402308,160,40,True,False,0,2,0,1,0,1,,asm,,,0,
uvgui_rom,func_uvgui_rom_004023A8,656,164,True,False,0,14,0,1,0,1,,asm,,,0,
uvgui_rom,func_uvgui_rom_00402638,96,24,False,True,0,2,0,1,1,0,,asm,,,0,
uvgui_rom,func_uvgui_rom_00402698,80,20,False,True,0,3,0,1,1,0,,asm,,,0,
uvgui_rom,func_uvgui_rom_00402718,100,25,True,True,0,3,0,0,1,0,,asm,,,0,
uvgui_rom,func_uvgui_rom_004027AC,164,41,True,True,0,3,0,1,1,1,,asm,,,0,
uvgui_rom,func_uvgui_rom_00402850,236,59,True,True,0,4,0,1,1,1,,asm,,,0,
uvgui_rom,func_uvgui_rom_0040293C,452,113,True,True,8,16,1,1,1,1,,asm,,,0,
uvgui_rom,func_uvgui_rom_00402B00,96,24,False,True,0,2,0,1,1,0,,asm,,,0,
uvgui_rom,func_uvgui_rom_00402B60,64,16,False,True,0,2,0,1,1,0,,asm,,,0,
uvgui_rom,func_uvgui_rom_00402BD0,100,25,True,True,0,3,0,0,1,0,,asm,,,0,
uvgui_rom,func_uvgui_rom_00402C40,52,13,False,False,0,0,1,1,0,0,P1,banked,235,,0,
uvgui_rom,func_uvgui_rom_00402C74,168,42,True,True,0,3,0,1,1,1,,asm,,,0,
uvgui_rom,func_uvgui_rom_00402D1C,300,75,True,True,0,11,0,1,1,1,,asm,,,0,
uvgui_rom,func_uvgui_rom_00402E48,452,113,True,True,8,16,1,1,1,1,,asm,,,0,
uvgui_rom,func_uvgui_rom_0040300C,408,102,True,True,13,5,0,1,1,1,,asm,,,0,
uvgui_rom,func_uvgui_rom_004031A4,64,16,False,True,0,2,0,1,1,0,,asm,,,0,
uvgui_rom,func_uvgui_rom_004031E4,40,10,False,False,0,0,0,0,0,0,S,banked,100,,0,
uvgui_rom,func_uvgui_rom_00403234,100,25,True,True,0,3,0,0,1,0,,asm,,,0,
uvgui_rom,func_uvgui_rom_004032BC,1308,327,True,False,80,27,0,1,1,1,,asm,,,0,
uvgui_rom,func_uvgui_rom_004037E0,248,62,False,False,32,6,1,1,0,0,P3,no-seed,,,0,
uvgui_rom,func_uvgui_rom_004038E4,876,219,True,False,105,26,0,1,1,0,,asm,,,0,
uvgui_rom,func_uvgui_rom_00403C50,84,21,True,False,0,2,0,1,0,0,,asm,,,0,
uvgui_rom,func_uvgui_rom_00403CAC,460,115,True,True,15,5,0,1,1,1,,asm,,,0,
uvgui_rom,func_uvgui_rom_00403E78,64,16,False,True,0,2,0,1,1,0,,asm,,,0,
uvgui_rom,func_uvgui_rom_00403EB8,40,10,False,False,0,0,0,0,0,0,S,banked,100,,0,
uvgui_rom,func_uvgui_rom_00403F2C,228,57,True,True,0,6,0,1,1,0,,asm,,,0,
uvgui_rom,func_uvgui_rom_00404054,1632,408,True,True,103,43,0,1,1,0,,asm,,,0,
uvgui_rom,func_uvgui_rom_004046B4,5688,1422,True,True,301,44,0,1,1,0,,asm,,,0,
uvgui_rom,func_uvgui_rom_00405D1C,92,23,False,True,0,3,0,1,1,0,,asm,,,0,
uvgui_rom,func_uvgui_rom_00405D78,424,106,True,True,14,5,0,1,1,1,,asm,,,0,
uvgui_rom,func_uvgui_rom_00405F20,64,16,False,True,0,2,0,1,1,0,,asm,,,0,
uvgui_rom,func_uvgui_rom_00405F60,48,12,False,False,0,0,0,0,0,0,S,banked,100,,0,
uvgui_rom,func_uvgui_rom_00405FC0,100,25,True,True,0,3,0,0,1,0,,asm,,,0,
uvgui_rom,func_uvgui_rom_00406048,2744,686,True,True,116,62,0,1,1,1,,asm,,,0,
uvgui_rom,func_uvgui_rom_00406B08,116,29,False,False,18,2,1,1,0,0,P3,no-seed,,,0,
uvgui_rom,func_uvgui_rom_00406B88,672,168,True,False,71,24,0,1,0,0,,asm,,,0,
uvled_rom,func_uvled_rom_00400148,408,102,True,True,24,2,0,1,1,1,,asm,,,0,
uvled_rom,func_uvled_rom_0040035C,180,45,False,False,30,0,1,0,0,0,P2,banked,1285,,0,
uvled_rom,func_uvled_rom_00400410,184,46,False,True,0,1,0,1,1,0,,asm,,,0,
uvled_rom,func_uvled_rom_004004C8,732,183,True,True,24,15,0,1,1,1,,asm,,,0,
uvled_rom,func_uvled_rom_004007A4,904,226,True,True,50,17,0,1,1,1,,asm,,,0,
uvled_rom,func_uvled_rom_00400B2C,216,54,True,True,0,3,0,1,1,0,,asm,,,0,
uvled_rom,func_uvled_rom_00400C04,504,126,True,True,0,12,0,1,1,0,,asm,,,0,
uvled_rom,func_uvled_rom_00400DFC,936,237,True,True,73,17,0,1,1,1,,asm,,,0,
filerom,func_filerom_0040007C,436,109,True,True,0,16,0,0,1,0,,asm,,,0,
filerom,func_filerom_00400230,64,16,False,True,0,3,1,1,1,0,,asm,,,0,
filerom,func_filerom_00400270,152,38,True,True,0,3,0,1,1,1,,asm,,,0,
filerom,func_filerom_00400308,92,23,True,False,0,2,0,1,0,1,,asm,,,0,
filerom,func_filerom_00400364,304,76,True,True,0,10,0,1,1,1,,asm,,,0,
filerom,func_filerom_00400494,48,15,False,False,0,1,1,0,0,0,P1,banked,0,,0,
motion,func_motion_00400278,116,29,True,False,0,1,0,1,0,0,,asm,,,0,
motion,func_motion_004002EC,1116,279,True,False,130,3,0,1,0,1,,asm,,,0,
motion,func_motion_00400748,1580,395,False,False,266,14,1,0,1,0,S,hs-ready,29515,,0,
motion,func_motion_00400D74,480,120,False,False,78,12,1,1,1,0,S,asm,,,0,
motion,func_motion_00400F54,952,238,True,True,57,9,0,1,1,1,,asm,,,0,
motion,func_motion_0040130C,164,41,True,False,6,1,1,1,0,0,,asm,,,0,
motion,func_motion_004013B0,1076,269,True,True,42,14,0,1,1,1,,asm,,,0,
motion,func_motion_004017E4,912,228,True,True,50,10,0,1,1,0,,asm,,,0,
motion,func_motion_00401B94,7404,1851,True,True,504,233,1,0,1,0,,asm,,,0,
motion,func_motion_004038C8,244,61,True,False,16,4,0,1,0,0,,asm,,,0,
motion,func_motion_004039BC,584,146,True,False,14,11,0,1,0,1,,asm,,,0,
motion,func_motion_00403C04,416,104,True,False,23,12,0,1,0,0,,asm,,,0,
motion,func_motion_00403DA4,208,52,True,False,0,8,1,1,0,0,,asm,,,0,
motion,func_motion_00403E74,984,246,True,False,133,29,0,1,1,1,,asm,,,0,
motion,func_motion_0040424C,464,116,True,False,38,17,0,1,0,0,,asm,,,0,
motion,func_motion_0040441C,336,84,True,False,37,7,1,1,0,0,,asm,,,0,
motion,func_motion_0040456C,764,191,True,False,95,32,1,1,1,0,,asm,,,0,
motion,func_motion_00404868,904,226,True,False,111,47,1,1,1,0,,asm,,,0,
motion,func_motion_00404BF0,52,13,True,False,0,0,0,1,0,0,,asm,,,0,
motion,func_motion_00404C24,2332,583,True,False,251,99,0,1,1,0,,asm,,,0,
motion,func_motion_00405540,124,31,True,True,0,1,0,0,1,1,,asm,,,0,
motion,func_motion_004055BC,228,57,True,False,24,5,1,1,0,0,,asm,,,0,
motion,func_motion_004056A0,128,32,False,False,25,2,1,1,0,0,P3,no-seed,,,0,
motion,func_motion_00405720,196,49,True,False,4,0,0,1,0,0,,asm,,,0,
motion,func_motion_004057E4,864,216,True,True,106,31,0,1,1,0,,asm,,,0,
motion,func_motion_00405B44,568,142,True,False,75,15,0,1,0,0,,asm,,,0,
motion,func_motion_00405D7C,224,56,False,False,37,8,1,1,0,0,P3,no-seed,,,0,
motion,func_motion_00405EBC,832,208,True,False,42,7,1,1,0,0,,asm,,,0,
motion,func_motion_004061FC,636,159,True,False,22,0,0,1,0,1,,asm,,,0,
motion,func_motion_00406478,620,155,True,False,16,4,0,1,0,1,,asm,,,0,
motion,func_motion_004066E4,884,221,True,False,24,3,0,1,0,1,,asm,,,0,
motion,func_motion_00406A58,472,118,True,False,28,0,0,1,0,1,,asm,,,0,
motion,func_motion_00406C30,2936,734,True,True,125,17,0,1,1,0,,asm,,,0,
motion,func_motion_004077A8,924,231,True,False,2,27,1,0,1,0,,asm,,,0,
motion,func_motion_00407B44,204,51,True,False,0,5,1,1,1,0,,asm,,,0,
motion,func_motion_00407C10,944,236,True,False,16,36,0,1,1,1,,asm,,,0,
motion,func_motion_00407FC0,660,165,True,False,0,20,0,1,1,1,,asm,,,0,
motion,func_motion_00408254,1416,354,True,True,54,21,0,1,1,1,,asm,,,0,
motion,func_motion_004087DC,356,89,True,True,0,7,0,1,1,0,,asm,,,0,
motion,func_motion_00408940,324,81,True,True,2,5,1,1,1,0,,asm,,,0,
motion,func_motion_00408A84,1140,285,True,True,35,15,0,1,1,1,,asm,,,0,
motion,func_motion_00408EF8,220,55,True,False,0,2,0,1,0,0,,asm,,,0,
motion,func_motion_00408FD4,1888,472,True,True,73,48,1,0,1,0,,asm,,,0,
motion,func_motion_00409734,388,97,True,False,15,7,0,1,0,1,,asm,,,0,
motion,func_motion_004098B8,540,135,True,False,3,7,0,1,0,0,,asm,,,0,
motion,func_motion_00409AD4,104,26,True,False,0,1,0,1,0,1,,asm,,,0,
motion,func_motion_00409B3C,300,75,True,False,19,0,1,1,0,0,,asm,,,0,
motion,func_motion_00409C68,1892,473,True,True,145,43,0,1,1,1,,asm,,,0,
motion,func_motion_0040A3CC,4384,1096,True,True,170,75,0,1,1,1,,asm,,,0,
motion,func_motion_0040B4EC,716,179,True,True,13,19,0,1,1,0,,asm,,,0,
motion,func_motion_0040B7B8,1064,266,True,True,28,21,0,1,1,1,,asm,,,0,
motion,func_motion_0040BBE0,1024,256,True,False,126,44,1,1,1,0,,asm,,,0,
motion,func_motion_0040BFE0,2044,511,True,True,86,36,0,1,1,1,,asm,,,0,
motion,func_motion_0040C7DC,196,49,True,False,0,3,1,1,0,0,,asm,,,0,
motion,func_motion_0040C8A0,7964,1991,True,True,344,104,0,1,1,1,,asm,,,0,
motion,func_motion_0040E7BC,2484,621,True,True,187,56,1,0,1,0,,asm,,,0,
motion,func_motion_0040F170,380,95,False,False,94,0,1,1,0,0,P3,no-seed,,,0,
motion,func_motion_0040F2EC,184,46,True,False,11,1,1,1,0,0,,asm,,,0,
motion,func_motion_0040F3A4,128,32,False,False,17,3,1,1,0,0,P3,no-seed,,,0,
motion,func_motion_0040F424,272,68,True,False,26,6,0,1,0,0,,asm,,,0,
motion,func_motion_0040F534,352,88,False,False,41,15,1,1,0,0,P3,no-seed,,,0,
motion,func_motion_0040F694,2032,508,True,False,292,72,1,1,0,0,,asm,,,0,
motion,func_motion_0040FE84,7472,1868,True,True,185,151,0,1,1,1,,asm,,,0,
motion,func_motion_00411BB4,176,44,True,False,0,4,0,1,0,0,,asm,,,0,
motion,func_motion_00411C64,2788,697,True,True,364,64,0,1,1,0,,asm,,,0,
motion,func_motion_00412770,932,233,True,True,111,21,0,1,1,1,,asm,,,0,
motion,func_motion_00412B14,476,119,True,True,4,14,0,1,1,0,,asm,,,0,
motion,func_motion_00412CF0,340,85,True,False,8,7,0,1,0,1,,asm,,,0,
motion,func_motion_00412E44,244,61,True,False,0,1,1,1,0,0,,asm,,,0,
motion,func_motion_00412F38,428,107,True,False,8,0,0,1,0,0,,asm,,,0,
motion,func_motion_004130E4,416,104,True,False,17,9,0,1,0,0,,asm,,,0,
motion,func_motion_00413284,740,185,True,False,43,22,0,1,1,0,,asm,,,0,
motion,func_motion_00413568,3784,946,True,False,323,151,0,1,1,0,,asm,,,0,
motion,func_motion_00414430,812,203,True,False,50,30,1,1,1,0,,asm,,,0,
motion,func_motion_00414774,756,189,True,False,93,4,0,1,0,0,,asm,,,0,
motion,func_motion_00414A70,320,80,True,False,13,0,0,1,0,0,,asm,,,0,
motion,func_motion_00414BB0,1564,391,True,False,77,11,0,1,0,0,,asm,,,0,
motion,func_motion_004151CC,748,187,True,True,61,16,0,1,1,0,,asm,,,0,
motion,func_motion_004154B8,620,155,True,True,35,10,0,1,1,0,,asm,,,0,
motion,func_motion_00415724,260,65,True,False,30,5,0,1,0,0,,asm,,,0,
motion,func_motion_00415828,72,18,True,False,1,2,0,1,0,0,,asm,,,0,
motion,func_motion_00415878,220,55,True,False,5,6,1,1,0,0,,asm,,,0,
motion,func_motion_00415954,232,58,True,False,7,6,1,1,0,0,,asm,,,0,
motion,func_motion_00415A3C,276,69,True,True,11,8,1,1,1,0,,asm,,,0,
uvterrald_rom,func_uvterrald_rom_0040009C,132,33,True,False,0,1,0,0,0,1,,asm,,,0,
uvterrald_rom,func_uvterrald_rom_00400120,1960,490,True,True,16,46,0,1,1,0,,asm,,,0,
uvterrald_rom,func_uvterrald_rom_004008C8,412,106,True,True,0,12,0,1,1,0,,asm,,,0,
battle,func_battle_004006A4,228,57,True,True,0,1,0,1,1,0,,asm,,,0,
battle,func_battle_00400788,1456,364,True,True,4,21,0,1,1,1,,asm,,,0,
battle,func_battle_00400D38,120,30,True,True,0,3,0,0,1,1,,asm,,,0,
battle,func_battle_00400DB0,1384,346,True,True,13,33,0,1,1,1,,asm,,,0,
battle,func_battle_00401318,192,48,True,False,0,4,0,1,0,0,,asm,,,0,
battle,func_battle_004013D8,1680,420,True,True,36,19,0,1,1,1,,asm,,,0,
battle,func_battle_00401A68,204,51,True,False,0,0,0,1,0,0,,asm,,,0,
battle,func_battle_00401B34,132,33,True,False,0,3,0,1,0,1,,asm,,,0,
battle,func_battle_00401BB8,504,126,True,False,9,9,0,1,0,1,,asm,,,0,
battle,func_battle_00401DB0,2464,616,True,True,6,17,0,1,1,1,,asm,,,0,
battle,func_battle_00402750,220,55,True,False,10,2,0,1,0,0,,asm,,,0,
battle,func_battle_0040282C,1188,297,True,True,56,5,0,1,1,0,,asm,,,0,
battle,func_battle_00402CD0,668,167,True,True,9,3,0,1,1,0,,asm,,,0,
battle,func_battle_00402F6C,1984,496,True,True,33,15,0,1,1,0,,asm,,,0,
battle,func_battle_0040372C,808,202,True,True,20,14,0,1,1,0,,asm,,,0,
battle,func_battle_00403A54,692,173,True,True,27,12,0,1,1,0,,asm,,,0,
battle,func_battle_00403D08,876,219,True,False,18,0,0,1,0,0,,asm,,,0,
battle,func_battle_00404074,488,122,True,False,20,12,0,1,1,0,,asm,,,0,
battle,func_battle_0040425C,476,119,True,False,24,9,0,1,0,0,,asm,,,0,
battle,func_battle_00404438,328,82,True,True,17,1,0,1,1,1,,asm,,,0,
battle,func_battle_00404580,276,69,True,True,10,2,0,1,1,0,,asm,,,0,
battle,func_battle_00404694,820,205,True,False,64,15,0,1,0,1,,asm,,,0,
battle,func_battle_004049C8,1360,340,True,True,24,30,1,0,1,0,,asm,,,0,
battle,func_battle_00404F18,132,33,False,False,12,1,1,1,0,0,P3,no-seed,,,0,
battle,func_battle_00404F9C,152,38,True,False,9,2,1,1,0,0,,asm,,,0,
battle,func_battle_00405034,160,40,True,False,10,2,1,1,0,0,,asm,,,0,
battle,func_battle_004050D4,1124,281,True,True,25,15,0,1,1,1,,asm,,,0,
battle,func_battle_00405538,556,139,True,True,41,13,0,1,1,1,,asm,,,0,
battle,func_battle_00405764,696,174,True,False,71,27,0,1,0,1,,asm,,,0,
battle,func_battle_00405A1C,192,48,True,False,6,0,0,1,0,1,,asm,,,0,
battle,func_battle_00405ADC,352,88,True,True,10,7,0,1,1,1,,asm,,,0,
battle,func_battle_00405C3C,248,62,False,True,5,9,1,1,1,0,,asm,,,0,
battle,func_battle_00405D34,308,77,True,True,0,11,0,1,1,1,,asm,,,0,
battle,func_battle_00405E68,776,194,True,False,80,9,0,1,0,0,,asm,,,0,
battle,func_battle_00406170,468,117,True,True,8,6,0,1,1,1,,asm,,,0,
battle,func_battle_00406344,488,122,True,True,15,15,0,1,1,1,,asm,,,0,
battle,func_battle_0040652C,600,150,True,True,18,12,0,1,1,0,,asm,,,0,
battle,func_battle_00406784,128,32,True,False,2,0,0,1,0,0,,asm,,,0,
battle,func_battle_00406804,252,63,True,False,7,0,0,1,0,0,,asm,,,0,
battle,func_battle_00406900,84,21,True,False,2,0,0,1,0,0,,asm,,,0,
battle,func_battle_00406954,380,95,True,True,24,4,0,1,1,0,,asm,,,0,
battle,func_battle_00406AD0,436,109,True,True,7,8,0,1,1,1,,asm,,,0,
battle,func_battle_00406C84,532,133,True,True,15,18,0,1,1,1,,asm,,,0,
battle,func_battle_00406E98,956,239,True,True,18,37,1,0,1,0,,asm,,,0,
battle,func_battle_00407254,232,58,True,False,6,0,0,1,0,0,,asm,,,0,
battle,func_battle_0040733C,128,32,True,False,2,0,0,1,0,0,,asm,,,0,
battle,func_battle_004073BC,900,225,True,False,32,16,0,1,0,1,,asm,,,0,
battle,func_battle_00407740,428,107,True,False,24,2,0,1,0,0,,asm,,,0,
battle,func_battle_004078EC,380,95,True,True,24,4,0,1,1,0,,asm,,,0,
battle,func_battle_00407A68,496,124,True,False,16,13,1,1,0,0,,asm,,,0,
battle,func_battle_00407C58,364,91,True,True,0,1,0,1,1,1,,asm,,,0,
battle,func_battle_00407DC4,180,45,True,True,0,8,0,1,1,1,,asm,,,0,
battle,func_battle_00407E78,184,46,True,False,0,1,1,1,0,0,,asm,,,0,
battle,func_battle_00407F30,196,49,True,False,0,0,0,1,0,0,,asm,,,0,
battle,func_battle_00407FF4,136,34,False,True,4,6,0,1,1,0,,asm,,,0,
battle,func_battle_0040807C,348,87,True,False,14,0,0,1,0,1,,asm,,,0,
battle,func_battle_004081D8,636,159,True,False,26,4,0,1,0,1,,asm,,,0,
battle,func_battle_00408454,420,105,True,False,24,2,0,1,0,0,,asm,,,0,
battle,func_battle_004085F8,608,152,True,False,29,1,0,1,0,1,,asm,,,0,
battle,func_battle_00408858,792,198,True,False,26,7,0,1,0,1,,asm,,,0,
battle,func_battle_00408B70,600,150,True,False,27,1,0,1,0,1,,asm,,,0,
battle,func_battle_00408DC8,808,202,True,False,24,8,0,1,0,1,,asm,,,0,
battle,func_battle_004090F0,84,21,True,False,2,0,0,1,0,0,,asm,,,0,
battle,func_battle_00409144,464,116,True,True,27,5,0,1,1,0,,asm,,,0,
battle,func_battle_00409314,252,63,True,True,0,8,0,1,1,0,,asm,,,0,
battle,func_battle_00409410,652,163,True,True,27,9,0,1,1,0,,asm,,,0,
battle,func_battle_0040969C,412,103,True,False,8,1,0,1,0,1,,asm,,,0,
battle,func_battle_00409838,216,54,True,False,0,0,1,1,0,0,,asm,,,0,
battle,func_battle_00409910,324,84,True,False,13,6,1,1,0,0,,asm,,,0,
uvquery_rom,func_uvquery_rom_00400294,568,142,False,True,24,15,1,1,1,0,,asm,,,0,
uvquery_rom,func_uvquery_rom_004004F4,100,25,False,True,0,3,0,0,1,0,,asm,,,0,
uvquery_rom,func_uvquery_rom_00400558,104,26,False,True,0,3,0,0,1,0,,asm,,,0,
shadow,func_shadow_00400108,96,24,False,True,2,3,1,1,1,0,,asm,,,0,
shadow,func_shadow_00400180,736,184,True,False,99,21,1,1,1,0,,asm,,,0,
shadow,func_shadow_00400460,56,14,True,False,0,1,0,1,0,1,,asm,,,0,
shadow,func_shadow_00400498,696,174,True,False,61,16,0,1,0,1,,asm,,,0,
shadow,func_shadow_00400750,936,236,True,True,82,8,0,1,1,0,,asm,,,0,
uvcont_rom,func_uvcont_rom_004002D8,812,203,True,True,0,28,0,1,1,1,,hs-import-ok,,,0,
uvcont_rom,func_uvcont_rom_0040061C,36,9,False,False,1,0,0,0,0,0,S,banked,,,0,
uvcont_rom,func_uvcont_rom_00400640,56,14,False,False,0,1,0,0,0,0,S,hs-ready,105,,0,
uvcont_rom,func_uvcont_rom_0040072C,60,15,False,False,4,0,0,1,0,0,S,hs-ready,250,,0,
uvcont_rom,func_uvcont_rom_0040079C,100,25,True,False,0,0,0,1,0,1,,hs-ready,0,,0,
uvcont_rom,func_uvcont_rom_00400834,320,80,False,True,0,12,0,1,1,0,,hs-ready,7060,,0,
uvcont_rom,func_uvcont_rom_00400974,128,32,False,False,0,5,0,0,0,0,S,banked,420,,0,
uvcont_rom,func_uvcont_rom_004009F4,164,41,False,True,2,1,0,1,1,0,,hs-ready,2720,,0,
uvcont_rom,func_uvcont_rom_00400A98,196,49,True,False,0,0,0,1,0,1,,hs-ready,0,,0,
uvcont_rom,func_uvcont_rom_00400B5C,308,77,False,False,20,15,1,0,0,0,P2,hs-ready,870,,0,
uvcont_rom,func_uvcont_rom_00400C90,184,46,True,False,0,4,0,1,1,1,,hs-ready,410,,0,
uvcont_rom,func_uvcont_rom_00400D5C,240,60,True,False,0,6,0,1,1,1,,banked,15,,0,
uvcont_rom,func_uvcont_rom_00400E4C,164,41,True,False,0,2,0,0,0,1,,hs-ready,530,,0,
uvcont_rom,func_uvcont_rom_00400EF0,164,41,True,False,0,0,0,0,0,1,,hs-ready,270,,0,
uvcont_rom,func_uvcont_rom_00401024,292,73,True,False,0,13,0,0,0,1,,hs-ready,945,,0,
uvcont_rom,func_uvcont_rom_00401148,180,45,True,False,0,5,0,0,0,1,,hs-ready,1550,,0,
uvcont_rom,func_uvcont_rom_004011FC,144,36,True,False,0,4,0,0,1,1,,hs-import-ok,,,0,
uvcont_rom,func_uvcont_rom_0040128C,348,87,True,False,0,6,1,0,1,0,,hs-ready,5,,0,
uvcont_rom,func_uvcont_rom_004013E8,144,36,True,True,0,5,1,0,1,1,,hs-import-ok,,,0,
uvcont_rom,func_uvcont_rom_00401478,160,40,True,True,0,5,1,0,1,1,,hs-import-ok,,,0,
uvcont_rom,func_uvcont_rom_00401520,184,46,True,False,0,8,0,1,0,1,,hs-ready,45,,0,
uvcont_rom,func_uvcont_rom_004015D8,128,32,True,False,0,4,0,0,0,1,,banked,15,,0,
uvcont_rom,func_uvcont_rom_00401658,200,50,True,False,0,2,0,0,0,1,,hs-ready,0,,0,
uvcont_rom,func_uvcont_rom_00401760,220,55,True,False,0,11,0,1,0,1,,hs-ready,295,,0,
flag,func_flag_00400080,1060,265,True,True,71,26,0,1,1,0,,asm,,,0,
flag,func_flag_004004A4,124,31,True,True,0,7,0,1,1,0,,asm,,,0,
flag,func_flag_00400520,404,101,True,False,67,3,1,1,0,0,,asm,,,0,
flag,func_flag_004006BC,568,142,True,False,62,7,1,1,0,0,,asm,,,0,
flag,func_flag_004008F4,1052,263,True,True,40,23,0,1,1,1,,asm,,,0,
flag,func_flag_00400D54,1092,273,True,True,80,13,0,1,1,0,,asm,,,0,
flag,func_flag_00401198,356,89,True,True,17,6,0,1,1,1,,asm,,,0,
flag,func_flag_00401354,648,163,True,False,24,0,0,1,0,0,,asm,,,0,
sparks,func_sparks_00400194,88,22,True,False,0,0,0,1,0,0,,asm,,,0,
sparks,func_sparks_004001EC,144,36,True,True,0,1,1,1,1,0,,asm,,,0,
sparks,func_sparks_0040027C,228,57,True,True,6,6,1,1,1,0,,asm,,,0,
sparks,func_sparks_00400360,160,40,True,False,0,4,0,1,0,1,,asm,,,0,
sparks,func_sparks_00400400,60,16,True,False,0,0,1,1,0,0,,asm,,,0,
uvgrph_rom,func_uvgrph_rom_00400194,280,70,False,True,23,7,1,1,1,0,,asm,,,0,
uvgrph_rom,func_uvgrph_rom_00400370,844,212,False,True,70,37,1,1,1,0,,asm,,,0,
ai,func_ai_00400000,412,103,True,True,17,8,0,1,1,0,,asm,,,0,
ai,func_ai_0040019C,1792,448,True,False,38,0,0,1,0,0,,asm,,,0,
ai,func_ai_0040089C,392,98,True,False,10,2,1,1,0,0,,asm,,,0,
ai,func_ai_00400A24,408,102,True,False,14,3,0,1,0,0,,asm,,,0,
ai,func_ai_00400E40,216,54,True,False,0,0,1,1,0,0,,asm,,,0,
ai,func_ai_00400F18,216,54,True,False,0,0,1,1,0,0,,asm,,,0,
ai,func_ai_00400FF0,1964,491,True,True,60,11,0,1,1,1,,asm,,,0,
ai,func_ai_004017A4,584,146,True,False,44,8,0,1,0,1,,asm,,,0,
ai,func_ai_004019EC,664,166,True,False,74,15,0,1,0,0,,asm,,,0,
ai,func_ai_00401C84,620,155,True,False,76,18,0,1,0,1,,asm,,,0,
ai,func_ai_00401EF0,312,78,True,False,26,7,0,1,0,0,,asm,,,0,
ai,func_ai_00402028,432,108,False,False,59,18,1,1,1,0,S,asm,,,0,
ai,func_ai_004021E0,196,49,False,False,29,5,1,1,0,0,P3,no-seed,,,0,
ai,func_ai_004022A4,1460,365,True,False,159,23,0,1,0,1,,asm,,,0,
ai,func_ai_00402858,284,71,False,False,31,11,1,1,0,0,P3,no-seed,,,0,
ai,func_ai_00402974,156,39,True,False,15,4,1,1,0,1,,asm,,,0,
ai,func_ai_00402A10,208,52,False,False,29,8,1,1,0,0,P3,no-seed,,,0,
ai,func_ai_00402AE0,332,83,True,True,17,6,1,1,1,0,,asm,,,0,
ai,func_ai_00402C2C,544,136,True,False,19,8,0,1,1,0,,asm,,,0,
ai,func_ai_00402E4C,624,156,True,True,19,13,0,1,1,1,,asm,,,0,
ai,func_ai_004030BC,460,115,True,False,25,3,0,1,0,0,,asm,,,0,
ai,func_ai_00403288,448,112,True,False,23,11,0,1,0,1,,asm,,,0,
ai,func_ai_00403448,876,219,True,False,59,15,0,1,0,0,,asm,,,0,
ai,func_ai_004037B4,480,120,True,False,44,7,0,1,0,1,,asm,,,0,
ai,func_ai_00403994,748,187,True,False,68,18,0,1,0,1,,asm,,,0,
ai,func_ai_00403C80,708,177,True,True,41,16,0,1,1,1,,asm,,,0,
ai,func_ai_00403F54,272,68,True,False,0,6,1,1,0,0,,asm,,,0,
ai,func_ai_00404064,236,59,False,False,24,11,0,1,1,0,S,asm,,,0,
ai,func_ai_00404150,68,17,False,False,4,1,0,0,0,0,S,banked,,,0,
ai,func_ai_00404194,248,62,True,False,26,3,1,1,0,0,,asm,,,0,
ai,func_ai_004042A4,588,147,True,True,29,21,0,1,1,1,,asm,,,0,
ai,func_ai_004044F0,316,79,True,False,11,5,0,1,0,0,,asm,,,0,
ai,func_ai_0040462C,656,164,True,True,47,24,0,1,1,0,,asm,,,0,
ai,func_ai_004048BC,72,18,True,False,0,3,1,0,0,1,,asm,,,0,
ai,func_ai_0040490C,1244,311,True,False,80,14,0,1,0,1,,asm,,,0,
ai,func_ai_00404E10,916,229,True,True,47,22,0,1,1,1,,asm,,,0,
ai,func_ai_004051A4,384,96,True,True,2,5,0,1,1,1,,asm,,,0,
ai,func_ai_00405324,132,33,True,True,0,3,0,1,1,0,,asm,,,0,
ai,func_ai_004053A8,940,235,True,False,65,19,0,1,0,1,,asm,,,0,
ai,func_ai_00405754,108,27,True,False,3,0,1,1,0,0,,asm,,,0,
ai,func_ai_004057C0,772,193,True,True,33,14,0,1,1,0,,asm,,,0,
ai,func_ai_00405AC4,136,34,True,False,3,2,0,1,0,1,,asm,,,0,
ai,func_ai_00405B4C,320,80,True,True,27,11,0,1,1,1,,asm,,,0,
ai,func_ai_00405C8C,140,35,False,False,0,7,1,1,0,0,P1,no-seed,,,0,
ai,func_ai_00405D50,312,78,True,False,59,1,1,1,0,0,,asm,,,0,
ai,func_ai_00405E88,108,27,False,True,0,4,0,1,1,0,,asm,,,0,
ai,func_ai_00405EF4,556,139,True,True,0,11,0,1,1,0,,asm,,,0,
ai,func_ai_00406120,92,23,False,True,0,6,1,1,1,0,,asm,,,0,
ai,func_ai_0040617C,568,142,True,True,24,29,1,1,1,0,,asm,,,0,
ai,func_ai_004063B4,76,19,False,True,0,4,1,1,1,0,,asm,,,0,
ai,func_ai_00406400,1192,298,True,False,78,15,0,1,0,1,,asm,,,0,
ai,func_ai_004068A8,292,73,True,False,14,4,0,1,0,1,,asm,,,0,
ai,func_ai_004069CC,952,238,True,False,54,11,0,1,0,0,,asm,,,0,
ai,func_ai_00406D84,720,180,False,False,121,30,1,1,0,0,P3,no-seed,,,0,
ai,func_ai_00407054,1296,324,True,False,193,22,0,1,1,0,,asm,,,0,
ai,func_ai_004075B8,352,88,True,False,46,7,0,1,0,0,,asm,,,0,
ai,func_ai_00407724,88,23,False,False,0,2,0,1,0,0,S,asm,,,0,
smack,func_smack_004000E8,424,106,True,False,13,6,0,1,0,0,,asm,,,0,
smack,func_smack_00400290,252,63,True,True,7,7,0,1,1,1,,asm,,,0,
smack,func_smack_0040038C,672,168,True,False,32,30,0,1,1,1,,asm,,,0,
smack,func_smack_0040062C,340,85,True,True,5,17,0,1,1,0,,asm,,,0,
smack,func_smack_00400780,164,41,True,False,0,2,0,1,0,1,,asm,,,0,
smack,func_smack_00400824,312,78,True,False,3,3,0,1,0,1,,asm,,,0,
smack,func_smack_0040097C,1156,289,True,False,77,9,0,1,0,1,,asm,,,0,
smack,func_smack_00400E00,436,109,True,False,32,1,0,1,0,1,,asm,,,0,
smack,func_smack_00400FB4,652,163,True,False,60,10,0,1,0,0,,asm,,,0,
smack,func_smack_00401240,768,192,True,False,42,10,0,1,0,0,,asm,,,0,
smack,func_smack_00401540,52,16,False,False,0,1,0,0,0,0,S,hs-ready,485,,0,
track5,func_track5_0040188C,312,81,True,True,0,5,0,1,1,0,,asm,,,0,
expl,func_expl_004000E0,60,15,True,False,4,0,1,1,0,0,,asm,,,0,
expl,func_expl_0040011C,436,109,True,True,27,6,0,1,1,0,,asm,,,0,
expl,func_expl_004002D0,160,40,True,True,0,3,0,1,1,0,,asm,,,0,
expl,func_expl_00400370,292,76,True,True,27,7,0,1,1,0,,asm,,,0,
aiedit,func_aiedit_00400234,1560,390,True,False,127,25,0,1,0,0,,asm,,,0,
aiedit,func_aiedit_0040084C,240,60,True,True,7,6,0,1,1,1,,asm,,,0,
aiedit,func_aiedit_00400944,72,18,True,False,3,1,0,1,0,0,,asm,,,0,
aiedit,func_aiedit_004009E4,904,226,True,False,14,3,0,1,0,0,,asm,,,0,
aiedit,func_aiedit_00400D6C,48,12,True,False,0,0,1,1,0,0,,asm,,,0,
aiedit,func_aiedit_00400D9C,48,13,True,False,0,0,1,1,0,0,,asm,,,0,
uvintersect_rom,func_uvintersect_rom_00400144,796,199,True,False,110,22,1,1,0,1,,hs-import-ok,,,0,
uvintersect_rom,func_uvintersect_rom_00400460,100,25,False,False,15,1,1,0,0,0,P2,banked,,,0,
uvintersect_rom,func_uvintersect_rom_004004C4,108,27,False,False,17,1,1,0,0,0,P2,banked,60,,0,
uvintersect_rom,func_uvintersect_rom_00400530,464,116,True,False,70,10,1,1,0,0,,hs-ready,2480,,0,
uvintersect_rom,func_uvintersect_rom_00400700,260,65,True,False,48,2,1,1,0,0,,hs-import-ok,,,0,
uvintersect_rom,func_uvintersect_rom_00400804,312,78,True,False,35,2,1,1,0,0,,hs-ready,2350,,0,
uvintersect_rom,func_uvintersect_rom_0040093C,1316,329,True,False,169,19,0,1,0,0,,hs-ready,9955,,0,
uvintersect_rom,func_uvintersect_rom_00400E60,328,82,False,False,59,7,1,0,0,0,P2,hs-ready,6700,,0,
uvintersect_rom,func_uvintersect_rom_00400FA8,328,82,False,False,59,7,1,0,0,0,P2,hs-ready,5230,,0,
uvintersect_rom,func_uvintersect_rom_004010F0,552,138,False,False,108,6,1,0,0,0,P2,hs-ready,2220,,0,
uvintersect_rom,func_uvintersect_rom_00401318,1540,385,True,False,268,45,1,1,0,1,,hs-import-ok,,,0,
uvintersect_rom,func_uvintersect_rom_0040191C,272,68,False,False,30,10,1,0,1,0,S,hs-ready,820,,0,
uvintersect_rom,func_uvintersect_rom_00401A2C,644,161,False,False,115,27,1,0,1,0,S,hs-ready,3965,,0,
uvintersect_rom,func_uvintersect_rom_00401CB0,1008,252,False,False,181,37,1,0,0,0,P2,hs-ready,16910,,0,
uvintersect_rom,func_uvintersect_rom_004020A0,256,64,False,False,45,1,1,0,1,0,S,hs-ready,505,,0,
uvintersect_rom,func_uvintersect_rom_004021A0,1168,292,True,False,191,44,1,1,1,1,,hs-import-ok,,,0,
uvfmtx_rom,func_uvfmtx_rom_00401790,1016,254,False,False,215,15,1,1,0,0,P3,no-seed,,,0,
uvtextureld_rom,func_uvtextureld_rom_0040010C,188,47,True,True,0,3,0,0,1,1,,asm,,,0,
uvtextureld_rom,func_uvtextureld_rom_004001C8,288,72,True,False,0,3,0,1,0,0,,asm,,,0,
uvtextureld_rom,func_uvtextureld_rom_004002E8,1880,470,True,True,36,36,0,1,1,1,,asm,,,0,
uvtextureld_rom,func_uvtextureld_rom_00400A40,264,68,True,False,0,8,0,1,0,0,,asm,,,0,
demo,func_demo_00400290,396,99,True,False,8,7,0,1,0,0,,asm,,,0,
demo,func_demo_0040041C,284,71,True,False,9,5,0,1,0,1,,asm,,,0,
demo,func_demo_00400538,984,246,True,True,27,23,0,1,1,1,,asm,,,0,
demo,func_demo_00400910,232,58,True,False,10,0,1,1,0,0,,asm,,,0,
demo,func_demo_004009F8,460,115,True,False,4,1,0,1,0,0,,asm,,,0,
demo,func_demo_00400BC4,116,31,True,True,0,3,1,1,1,0,,asm,,,0,
txtview,func_txtview_00400148,240,60,True,False,9,1,1,1,0,0,,asm,,,0,
txtview,func_txtview_00400298,392,98,True,True,9,8,0,1,1,0,,asm,,,0,
txtview,func_txtview_00400420,2032,508,True,False,18,0,0,1,0,0,,asm,,,0,
uvenvld_rom,func_uvenvld_rom_00400050,188,47,True,True,0,3,0,0,1,1,,asm,,,0,
uvenvld_rom,func_uvenvld_rom_0040010C,352,88,True,True,2,6,0,1,1,0,,asm,,,0,
uvenvld_rom,func_uvenvld_rom_0040026C,180,45,True,True,0,4,0,1,1,0,,asm,,,0,
env,func_env_004000B4,76,19,True,False,2,0,0,1,0,0,,asm,,,0,
env,func_env_00400100,144,36,True,True,2,4,1,1,1,0,,asm,,,0,
env,func_env_00400190,100,25,True,False,0,0,0,1,0,0,,asm,,,0,
env,func_env_004001F4,328,82,True,True,5,7,0,1,1,0,,asm,,,0,
env,func_env_00400380,984,246,True,True,123,11,0,1,1,0,,asm,,,0,
env,func_env_00400758,76,19,True,False,0,0,0,1,0,0,,asm,,,0,
env,func_env_004007A4,128,35,True,True,0,4,1,1,1,0,,asm,,,0,
uvfont_rom,func_uvfont_rom_00400840,56,14,False,False,0,1,1,0,0,0,P1,hs-import-ok,,,0,
results,func_results_004001B8,240,60,True,False,0,0,0,1,0,0,,hs-ready,0,,0,
results,func_results_004002BC,2060,515,True,True,34,86,1,0,1,0,,hs-import-ok,,,0,
results,func_results_00400AC8,2248,562,True,False,7,61,1,0,1,0,,hs-import-ok,,,0,
results,func_results_004013BC,1852,463,True,False,5,36,1,0,1,0,,hs-import-ok,,,0,
results,func_results_00401B00,4252,1063,True,True,71,124,0,1,1,1,,hs-import-ok,,,0,
results,func_results_00402B9C,1768,442,True,True,45,18,0,1,1,1,,hs-import-ok,,,0,
results,func_results_00403284,4592,1148,True,True,85,51,0,1,1,1,,hs-import-ok,,,0,
results,func_results_00404474,2220,555,True,True,46,29,0,1,1,1,,hs-import-ok,,,0,
results,func_results_00404D20,2280,570,True,True,35,22,0,1,1,1,,hs-import-ok,,,0,
results,func_results_00405608,2016,504,True,True,11,21,0,1,1,1,,hs-import-ok,,,0,
results,func_results_00405E18,192,48,False,True,0,9,0,1,1,0,,hs-import-ok,,,0,
results,func_results_00405ED8,188,47,False,True,5,9,0,1,1,0,,hs-import-ok,,,0,
results,func_results_00405F94,348,87,True,True,7,7,0,1,1,0,,hs-import-ok,,,0,
results,func_results_004060F0,148,37,True,True,4,2,0,1,1,0,,hs-import-ok,,,0,
results,func_results_00406184,136,34,False,True,11,5,0,1,1,0,,hs-ready,335,,0,
results,func_results_0040620C,300,75,False,True,17,12,0,1,1,0,,hs-ready,4680,,0,
results,func_results_00406338,396,99,True,True,12,2,1,1,1,0,,hs-import-ok,,,0,
results,func_results_004064C4,100,25,False,False,0,4,0,0,0,0,S,banked,,,0,
results,func_results_0040659C,332,83,True,False,21,4,0,1,0,0,,hs-ready,1080,,0,
results,func_results_00406738,148,37,True,False,3,2,0,1,0,0,,hs-import-ok,,,0,
profgame,func_profgame_004002E0,280,70,True,True,0,4,0,1,1,0,,asm,,,0,
profgame,func_profgame_00400400,364,92,True,False,2,0,0,1,0,0,,asm,,,0,
plyr,func_plyr_00400590,232,58,True,False,0,0,0,1,0,0,,hs-ready,0,,0,
plyr,func_plyr_00400678,1476,369,True,False,44,7,0,1,0,0,,hs-import-ok,,,0,
plyr,func_plyr_00400C3C,2120,530,True,True,133,82,0,1,1,0,,hs-ready,11610,,0,
plyr,func_plyr_00401484,2368,592,True,True,21,70,0,1,1,1,,hs-import-ok,,,0,
plyr,func_plyr_00401DC4,1116,279,True,False,61,18,0,1,0,1,,asm,,,0,
plyr,func_plyr_00402268,100,25,True,False,0,3,0,1,0,1,,hs-ready,0,,0,
plyr,func_plyr_004022E0,88,22,False,True,0,3,0,1,1,0,,banked,120,,0,
plyr,func_plyr_00402340,2128,532,True,True,68,52,0,1,1,1,,hs-import-ok,,,0,
plyr,func_plyr_00402B90,900,225,True,False,90,15,0,1,0,0,,hs-import-ok,,,0,
plyr,func_plyr_00402F14,2664,666,True,True,110,30,0,1,0,0,,hs-import-ok,,,0,
plyr,func_plyr_0040397C,452,113,True,False,16,4,0,1,0,1,,hs-ready,910,,0,
plyr,func_plyr_00403B40,1352,338,True,False,124,37,0,1,0,0,,hs-import-ok,,,0,
plyr,func_plyr_00404088,1136,284,True,True,51,30,0,1,0,0,,asm,,,0,
plyr,func_plyr_004044F8,720,180,True,False,12,0,0,1,0,0,,hs-import-ok,,,0,
plyr,func_plyr_004047C8,1304,326,True,True,154,21,0,1,1,1,,hs-import-ok,,,0,
plyr,func_plyr_00404CE0,972,243,True,True,37,15,0,1,1,1,,hs-import-ok,,,0,
plyr,func_plyr_004050AC,1400,350,True,True,80,14,0,1,1,0,,hs-import-ok,,,0,
plyr,func_plyr_00405624,100,25,True,False,0,4,0,0,0,1,,hs-ready,0,,0,
plyr,func_plyr_00405688,1428,357,True,True,83,12,0,1,1,0,,hs-import-ok,,,0,
plyr,func_plyr_00405C1C,2536,634,True,True,100,37,1,0,1,0,,hs-import-ok,,,0,
skid,func_skid_0040018C,320,80,False,True,25,12,0,1,1,0,,asm,,,0,
skid,func_skid_004002E0,1192,298,True,True,133,31,0,1,1,0,,asm,,,0,
skid,func_skid_00400788,480,120,True,True,22,5,0,1,1,1,,asm,,,0,
skid,func_skid_00400968,1260,318,True,True,82,15,0,1,1,0,,asm,,,0,
track1,func_track1_00400BE0,312,78,True,True,0,5,0,1,1,0,,asm,,,0,
track1,func_track1_00400D18,72,18,True,False,0,0,0,1,0,0,,asm,,,0,
dledit,func_dledit_00400100,116,29,False,False,0,4,0,0,0,0,S,hs-ready,90,,0,
dledit,func_dledit_00400174,132,33,False,False,17,1,1,1,0,0,P3,ready,740,,0,
dledit,func_dledit_004001F8,276,69,False,False,0,1,1,1,0,0,P1,ready,3385,,0,
dledit,func_dledit_0040030C,200,50,False,False,25,5,1,1,0,0,P3,no-seed,,,0,
dledit,func_dledit_004003D4,296,74,False,True,0,5,1,1,1,0,,asm,,,0,
triganim,func_triganim_00400098,732,183,True,True,18,16,0,1,0,0,,asm,,,0,
triganim,func_triganim_00400374,688,172,True,False,20,18,0,1,1,0,,asm,,,0,
triganim,func_triganim_00400624,432,108,True,True,14,18,0,1,1,1,,asm,,,0,
triganim,func_triganim_004007D4,660,165,True,True,6,21,1,0,1,0,,asm,,,0,
triganim,func_triganim_00400A68,1300,325,True,False,53,42,0,1,1,1,,asm,,,0,
triganim,func_triganim_00400F7C,344,86,True,True,4,4,0,1,1,0,,asm,,,0,
triganim,func_triganim_004010D4,304,76,True,True,0,4,0,1,1,0,,asm,,,0,
triganim,func_triganim_00401204,112,28,True,False,0,1,1,1,0,0,,asm,,,0,
triganim,func_triganim_00401274,580,145,True,True,31,19,0,1,1,0,,asm,,,0,
triganim,func_triganim_004014B8,148,37,True,False,0,0,0,1,0,0,,asm,,,0,
triganim,func_triganim_00401554,384,96,True,False,2,7,0,1,0,0,,asm,,,0,
triganim,func_triganim_004016D4,312,79,True,True,12,12,1,1,1,0,,asm,,,0,
uvmath_rom,func_uvmath_rom_004006F8,320,80,False,False,47,17,1,0,0,0,P2,hs-ready,3925,,0,
uvmath_rom,func_uvmath_rom_00400978,116,29,False,True,14,4,1,0,1,0,,asm,,,0,
uvmath_rom,func_uvmath_rom_004009EC,112,29,True,False,11,4,1,0,0,1,,asm,,,0,
uvtrackld_rom,func_uvtrackld_rom_00400050,400,100,True,True,0,5,0,1,1,0,,asm,,,0,
piece,func_piece_00400000,204,51,True,True,5,4,0,1,1,1,,asm,,,0,
piece,func_piece_004000CC,296,74,True,True,0,9,0,1,1,0,,asm,,,0,
piece,func_piece_004001F4,1148,287,True,True,142,25,0,1,1,1,,asm,,,0,
piece,func_piece_00400670,112,28,True,True,0,2,0,1,1,1,,asm,,,0,
piece,func_piece_004006E0,1528,382,True,True,121,21,0,1,1,1,,asm,,,0,
piece,func_piece_00400CD8,440,110,True,True,4,7,0,1,1,1,,asm,,,0,
piece,func_piece_00400F50,436,109,False,True,9,19,1,0,1,0,,asm,,,0,
piece,func_piece_00401104,448,115,True,True,6,7,0,1,1,1,,asm,,,0,
track2,func_track2_00400B28,64,16,True,False,3,0,1,1,0,0,,asm,,,0,
track2,func_track2_00400B70,312,80,True,True,0,5,0,1,1,0,,asm,,,0,
uvtexanim_rom,func_uvtexanim_rom_00400118,392,98,True,True,0,14,0,1,1,0,,asm,,,0,
uvtexanim_rom,func_uvtexanim_rom_004002DC,868,217,True,True,95,39,1,1,1,0,,asm,,,0,
uvtexanim_rom,func_uvtexanim_rom_00400640,764,192,False,True,34,36,1,0,1,0,,asm,,,0,
victory,func_victory_00400330,136,34,True,False,0,0,0,1,0,0,,asm,,,0,
victory,func_victory_004003B8,220,55,True,False,3,5,0,1,0,1,,asm,,,0,
victory,func_victory_00400494,356,89,True,False,20,4,0,1,0,0,,asm,,,0,
victory,func_victory_004005F8,460,115,True,True,27,4,0,1,1,0,,asm,,,0,
victory,func_victory_004007C4,136,34,True,False,12,1,0,1,0,0,,asm,,,0,
victory,func_victory_0040084C,292,73,True,False,9,0,0,1,0,0,,asm,,,0,
victory,func_victory_00400970,952,238,True,False,18,0,0,1,0,0,,asm,,,0,
victory,func_victory_00400D28,876,222,True,False,26,15,0,1,0,0,,asm,,,0,
tdata,func_tdata_00400194,160,40,True,True,0,2,0,1,1,1,,asm,,,0,
tdata,func_tdata_00400234,1284,321,True,True,90,32,0,1,1,1,,asm,,,0,
tdata,func_tdata_00400738,324,81,True,False,41,2,0,1,0,1,,asm,,,0,
tdata,func_tdata_004008D4,212,53,True,True,6,2,0,1,1,1,,asm,,,0,
tdata,func_tdata_004009B0,1028,257,True,True,20,11,0,1,1,0,,asm,,,0,
tdata,func_tdata_00400DB4,1184,296,True,True,62,12,0,1,1,1,,asm,,,0,
tdata,func_tdata_00401254,64,16,False,True,0,2,1,1,1,0,,asm,,,0,
tdata,func_tdata_00401294,176,44,True,False,0,2,0,1,0,1,,asm,,,0,
tdata,func_tdata_00401354,152,38,True,False,0,3,0,0,0,1,,asm,,,0,
tdata,func_tdata_004013EC,312,78,True,False,0,0,0,1,0,1,,asm,,,0,
tdata,func_tdata_00401524,100,25,True,False,3,2,1,0,0,1,,asm,,,0,
tdata,func_tdata_00401588,104,26,True,False,4,2,1,1,0,1,,asm,,,0,
tdata,func_tdata_004015F0,72,18,True,False,3,2,1,1,0,1,,asm,,,0,
tdata,func_tdata_00401638,552,138,True,False,24,7,0,1,1,1,,asm,,,0,
tdata,func_tdata_0040186C,152,38,False,True,0,2,0,1,1,0,,asm,,,0,
tdata,func_tdata_00401904,148,37,False,True,0,5,1,1,1,0,,asm,,,0,
tdata,func_tdata_00401998,116,29,False,False,0,2,0,1,0,0,S,asm,,,0,
tdata,func_tdata_00401A0C,116,29,False,False,0,2,0,1,0,0,S,asm,,,0,
tdata,func_tdata_00401A80,92,23,False,False,0,2,1,1,0,0,P1,no-seed,,,0,
tdata,func_tdata_00401ADC,380,95,True,True,34,12,0,1,1,1,,asm,,,0,
tdata,func_tdata_00401C70,76,19,True,False,6,0,0,1,0,0,,asm,,,0,
tdata,func_tdata_00401CBC,124,31,True,True,8,5,0,1,1,1,,asm,,,0,
tdata,func_tdata_00401D38,1616,404,True,True,81,20,0,1,1,1,,asm,,,0,
tdata,func_tdata_00402388,1072,268,False,False,0,24,1,0,0,0,P1,hs-ready,5650,,0,
tdata,func_tdata_004027CC,332,85,True,True,23,10,0,1,1,1,,asm,,,0,
filmroll,func_filmroll_00400068,264,66,True,False,0,2,0,1,0,1,,asm,,,0,
filmroll,func_filmroll_00400170,492,123,True,True,0,10,0,1,1,1,,asm,,,0,
filmroll,func_filmroll_0040035C,556,139,True,True,3,12,0,1,1,0,,asm,,,0,
filmroll,func_filmroll_00400588,164,41,True,False,8,0,1,1,0,0,,asm,,,0,
filmroll,func_filmroll_00400634,236,59,False,True,0,9,0,1,1,0,,asm,,,0,
filmroll,func_filmroll_00400720,640,160,True,True,3,8,0,1,1,1,,asm,,,0,
selection,func_selection_004000E4,760,190,True,False,11,25,0,1,0,0,,asm,,,0,
selection,func_selection_004003DC,420,105,True,False,0,14,0,1,0,1,,asm,,,0,
selection,func_selection_00400580,816,204,True,False,9,0,0,1,0,0,,asm,,,0,
selection,func_selection_004008B0,3264,816,True,True,27,34,0,1,1,1,,asm,,,0,
selection,func_selection_00401570,100,25,True,False,0,1,0,1,0,0,,asm,,,0,
selection,func_selection_004015D4,248,62,True,False,6,4,1,0,1,0,,asm,,,0,
selection,func_selection_004016CC,252,63,True,False,16,10,1,1,1,0,,asm,,,0,
selection,func_selection_004017E0,188,47,False,False,0,0,1,0,0,0,P1,ready,3390,,0,
selection,func_selection_0040189C,200,50,True,False,0,5,0,1,0,0,,asm,,,0,
selection,func_selection_00401964,212,53,True,False,0,6,0,1,0,0,,asm,,,0,
selection,func_selection_00401A38,228,57,True,False,0,6,0,1,0,0,,asm,,,0,
selection,func_selection_00401B1C,216,54,True,False,0,7,0,1,0,0,,asm,,,0,
selection,func_selection_00401BF4,272,68,True,False,0,7,0,1,1,0,,asm,,,0,
selection,func_selection_00401D04,684,171,True,False,0,20,0,1,1,0,,asm,,,0,
selection,func_selection_00401FB0,676,169,True,False,0,20,0,1,1,0,,asm,,,0,
selection,func_selection_00402254,820,205,True,True,14,22,0,1,1,1,,asm,,,0,
selection,func_selection_00402588,1036,259,True,True,8,29,0,1,1,1,,asm,,,0,
selection,func_selection_00402994,1000,250,True,True,8,26,0,1,1,1,,asm,,,0,
selection,func_selection_00402D84,176,44,True,False,0,1,0,1,0,0,,asm,,,0,
selection,func_selection_00402E34,100,25,True,False,0,0,0,1,0,0,,asm,,,0,
selection,func_selection_00402E98,152,38,True,False,0,2,0,1,0,0,,asm,,,0,
selection,func_selection_00402F30,80,20,True,False,0,2,0,0,0,1,,asm,,,0,
selection,func_selection_00402F80,100,25,True,False,0,2,0,0,0,1,,asm,,,0,
selection,func_selection_00402FE4,108,27,True,False,0,0,0,1,0,1,,asm,,,0,
selection,func_selection_00403050,148,37,True,False,0,2,0,1,0,1,,asm,,,0,
selection,func_selection_004030E4,184,46,True,False,0,2,0,1,0,1,,asm,,,0,
selection,func_selection_0040319C,76,19,True,False,0,1,0,0,0,1,,asm,,,0,
selection,func_selection_004032EC,76,19,True,False,0,0,0,0,0,1,,asm,,,0,
selection,func_selection_00403338,1012,253,True,True,15,6,0,1,1,1,,asm,,,0,
selection,func_selection_0040372C,200,50,True,False,0,0,0,1,0,1,,asm,,,0,
selection,func_selection_00403938,120,30,True,False,0,0,0,1,0,1,,asm,,,0,
selection,func_selection_004039B0,136,34,True,False,0,5,0,0,1,1,,asm,,,0,
selection,func_selection_00403AC8,120,30,True,False,0,5,0,0,1,1,,asm,,,0,
selection,func_selection_00403C2C,124,31,True,False,0,0,1,1,0,0,,asm,,,0,
selection,func_selection_00403CA8,124,31,True,False,0,0,1,1,0,0,,asm,,,0,
selection,func_selection_00403D24,124,31,True,False,0,0,1,1,0,0,,asm,,,0,
selection,func_selection_00403E78,1284,321,True,False,0,13,0,1,1,1,,asm,,,0,
selection,func_selection_0040437C,632,158,True,True,0,22,0,1,1,1,,asm,,,0,
selection,func_selection_00404888,80,20,True,False,0,1,1,1,0,0,,asm,,,0,
selection,func_selection_004048D8,436,109,True,False,13,8,0,1,1,1,,asm,,,0,
selection,func_selection_00404B2C,240,60,True,False,0,8,0,1,0,0,,asm,,,0,
selection,func_selection_00404C24,1108,277,True,False,43,2,0,1,0,1,,asm,,,0,
selection,func_selection_00405078,200,50,True,False,0,0,0,1,0,1,,asm,,,0,
selection,func_selection_00405140,1284,321,True,True,0,19,0,1,1,1,,asm,,,0,
selection,func_selection_00405644,1644,411,True,True,46,21,0,1,1,1,,asm,,,0,
selection,func_selection_00405CB0,392,98,True,True,0,8,0,1,1,1,,asm,,,0,
selection,func_selection_00405E38,272,68,True,False,0,5,0,1,0,1,,asm,,,0,
selection,func_selection_00405F48,396,99,True,False,0,7,0,1,1,0,,asm,,,0,
selection,func_selection_0040611C,336,84,True,False,14,1,0,1,0,1,,asm,,,0,
selection,func_selection_0040626C,140,35,True,False,0,0,1,1,0,0,,asm,,,0,
selection,func_selection_004062F8,1580,395,True,True,6,15,0,1,1,1,,asm,,,0,
selection,func_selection_00406924,1184,296,True,False,0,7,0,1,0,1,,asm,,,0,
selection,func_selection_00406DC4,436,109,True,True,0,4,0,1,1,1,,asm,,,0,
selection,func_selection_00406F80,220,55,True,False,0,5,0,1,0,1,,asm,,,0,
selection,func_selection_0040705C,2168,542,True,True,3,28,0,1,1,1,,asm,,,0,
selection,func_selection_004078D4,548,137,True,True,0,9,0,1,1,1,,asm,,,0,
selection,func_selection_00407AF8,1496,374,True,True,24,3,0,1,1,1,,asm,,,0,
selection,func_selection_004080D0,228,57,True,True,0,1,0,1,1,1,,asm,,,0,
selection,func_selection_004081B4,328,82,True,True,2,12,0,1,1,1,,asm,,,0,
selection,func_selection_00408304,216,54,True,False,0,0,0,1,0,0,,asm,,,0,
selection,func_selection_004083DC,1136,284,True,True,6,7,0,1,1,0,,asm,,,0,
selection,func_selection_0040884C,728,182,True,True,0,7,0,1,1,1,,asm,,,0,
selection,func_selection_00408B24,200,50,True,True,0,1,0,1,1,0,,asm,,,0,
selection,func_selection_00408BEC,1796,449,True,True,60,57,0,1,1,0,,asm,,,0,
selection,func_selection_004092F0,1712,428,True,True,16,27,1,0,1,0,,asm,,,0,
selection,func_selection_004099A0,756,189,True,True,20,19,1,0,1,0,,asm,,,0,
selection,func_selection_00409C94,528,132,True,True,0,11,0,1,1,1,,asm,,,0,
selection,func_selection_00409EA4,292,73,True,True,0,6,0,1,1,0,,asm,,,0,
selection,func_selection_00409FC8,316,79,True,False,0,3,0,1,0,1,,asm,,,0,
selection,func_selection_0040A104,1244,311,True,True,0,19,0,1,1,0,,asm,,,0,
selection,func_selection_0040A5E0,408,102,True,False,0,5,0,1,0,1,,asm,,,0,
selection,func_selection_0040A778,168,42,True,False,0,0,0,1,0,1,,asm,,,0,
selection,func_selection_0040A820,2128,532,True,False,67,92,0,1,1,0,,asm,,,0,
selection,func_selection_0040B070,204,51,True,True,2,3,0,1,1,1,,asm,,,0,
selection,func_selection_0040B144,788,197,True,True,0,8,0,1,1,0,,asm,,,0,
selection,func_selection_0040B458,212,53,True,True,3,3,0,1,1,1,,asm,,,0,
selection,func_selection_0040B534,204,51,True,True,2,3,0,1,1,1,,asm,,,0,
selection,func_selection_0040B608,284,71,True,True,0,11,0,1,1,1,,asm,,,0,
selection,func_selection_0040B724,40,10,True,False,2,0,0,0,0,1,,asm,,,0,
selection,func_selection_0040B74C,968,242,True,True,0,7,0,1,1,1,,asm,,,0,
selection,func_selection_0040BB14,948,237,True,True,12,7,0,1,1,1,,asm,,,0,
selection,func_selection_0040BEC8,264,66,True,False,0,0,0,1,0,0,,asm,,,0,
selection,func_selection_0040BFFC,1112,278,True,False,0,7,0,1,0,1,,asm,,,0,
selection,func_selection_0040C454,1304,326,True,True,23,3,0,1,1,1,,asm,,,0,
selection,func_selection_0040C96C,228,57,True,True,0,1,0,1,1,1,,asm,,,0,
selection,func_selection_0040CA50,104,26,True,False,0,1,0,1,0,1,,asm,,,0,
selection,func_selection_0040CBEC,1352,338,True,True,46,8,0,1,1,1,,asm,,,0,
selection,func_selection_0040D134,256,64,True,True,0,2,0,1,1,1,,asm,,,0,
selection,func_selection_0040D280,520,130,True,False,0,2,0,1,0,1,,asm,,,0,
selection,func_selection_0040D488,140,35,True,False,0,0,0,1,0,0,,asm,,,0,
selection,func_selection_0040D514,816,204,True,False,9,2,0,1,0,1,,asm,,,0,
selection,func_selection_0040D844,112,28,False,True,0,2,0,0,0,0,,asm,,,0,
selection,func_selection_0040D8B4,216,54,False,True,0,8,0,1,1,0,,asm,,,0,
selection,func_selection_0040D98C,108,27,True,False,0,2,0,1,0,1,,asm,,,0,
selection,func_selection_0040D9F8,5888,1472,True,False,0,62,0,1,0,0,,asm,,,0,
selection,func_selection_0040F0F8,336,84,True,False,0,2,0,1,0,1,,asm,,,0,
selection,func_selection_0040F248,76,19,True,False,0,0,0,1,0,1,,asm,,,0,
selection,func_selection_0040F294,412,103,False,True,0,1,0,1,1,0,,asm,,,0,
selection,func_selection_0040F430,140,35,False,True,0,6,0,1,1,0,,asm,,,0,
selection,func_selection_0040F4BC,400,100,False,True,0,1,0,1,1,0,,asm,,,0,
selection,func_selection_0040F64C,148,37,True,True,0,1,0,1,1,1,,asm,,,0,
selection,func_selection_0040F704,744,186,True,True,2,30,0,1,1,0,,asm,,,0,
selection,func_selection_0040F9EC,968,242,True,False,2,20,0,1,0,1,,asm,,,0,
selection,func_selection_0040FDB4,1560,390,True,True,6,16,0,1,1,1,,asm,,,0,
selection,func_selection_004103CC,432,108,True,True,0,3,0,1,1,1,,asm,,,0,
selection,func_selection_0041057C,152,38,True,False,0,0,0,1,0,0,,asm,,,0,
selection,func_selection_00410614,592,148,True,False,0,16,0,1,0,1,,asm,,,0,
selection,func_selection_0041088C,540,135,False,True,0,10,0,1,1,0,,asm,,,0,
selection,func_selection_00410AA8,296,74,True,True,8,3,0,1,1,1,,asm,,,0,
selection,func_selection_00410BD0,336,84,True,False,9,1,1,1,0,0,,asm,,,0,
selection,func_selection_00410D20,344,86,True,False,9,1,1,1,0,0,,asm,,,0,
selection,func_selection_00410E78,448,112,True,False,0,4,1,1,0,0,,asm,,,0,
selection,func_selection_00411038,384,96,True,False,0,4,1,1,0,0,,asm,,,0,
selection,func_selection_004111B8,76,19,True,False,0,0,0,0,0,1,,asm,,,0,
selection,func_selection_00411204,76,19,True,False,0,0,0,0,0,1,,asm,,,0,
selection,func_selection_00411250,76,19,True,False,0,0,0,0,0,1,,asm,,,0,
selection,func_selection_004112D8,76,19,True,False,0,0,0,0,0,1,,asm,,,0,
selection,func_selection_00411324,76,19,True,False,0,0,0,0,0,1,,asm,,,0,
selection,func_selection_00411370,76,19,True,False,0,0,0,0,0,1,,asm,,,0,
selection,func_selection_004113BC,76,19,True,False,0,0,0,0,0,1,,asm,,,0,
selection,func_selection_00411408,76,19,True,False,0,0,0,0,0,1,,asm,,,0,
selection,func_selection_00411454,76,19,True,False,0,0,0,0,0,1,,asm,,,0,
selection,func_selection_004114DC,76,19,True,False,0,0,0,0,0,1,,asm,,,0,
selection,func_selection_00411528,76,19,True,False,0,0,0,0,0,1,,asm,,,0,
selection,func_selection_00411574,76,19,True,False,0,0,0,0,0,1,,asm,,,0,
selection,func_selection_004115C0,108,27,True,False,0,0,0,0,0,1,,asm,,,0,
selection,func_selection_0041162C,180,45,True,False,0,1,0,1,0,1,,asm,,,0,
selection,func_selection_004116E0,400,100,True,False,31,0,1,1,0,0,,asm,,,0,
selection,func_selection_00411870,812,203,True,False,22,21,1,0,1,0,,asm,,,0,
selection,func_selection_00411B9C,932,233,True,False,0,12,1,0,1,0,,asm,,,0,
selection,func_selection_00411F40,5280,1320,True,True,42,73,1,0,1,0,,asm,,,0,
selection,func_selection_004133E0,56,14,False,False,0,0,0,1,0,0,S,asm,,,0,
selection,func_selection_00413418,220,55,True,False,0,3,0,1,0,1,,asm,,,0,
selection,func_selection_0041351C,76,19,True,False,0,2,0,0,0,1,,asm,,,0,
selection,func_selection_00413594,312,78,True,False,4,7,1,0,1,0,,asm,,,0,
selection,func_selection_004136CC,192,48,True,False,4,3,0,1,0,1,,asm,,,0,
selection,func_selection_004137D0,696,174,True,True,0,3,0,1,1,0,,asm,,,0,
selection,func_selection_00413A88,856,214,True,False,0,18,0,1,0,1,,asm,,,0,
selection,func_selection_00413E48,348,87,True,True,0,5,1,1,1,0,,asm,,,0,
selection,func_selection_00413FC4,1796,449,True,False,18,52,1,0,1,0,,asm,,,0,
selection,func_selection_004146C8,1572,393,True,False,0,2,1,1,0,0,,asm,,,0,
selection,func_selection_00414CF4,844,211,True,True,0,20,0,1,1,1,,asm,,,0,
selection,func_selection_00415040,748,187,True,True,0,5,0,1,1,0,,asm,,,0,
selection,func_selection_0041532C,628,157,True,False,54,0,0,1,0,0,,asm,,,0,
selection,func_selection_004155A0,828,207,True,True,11,2,0,1,1,1,,asm,,,0,
selection,func_selection_004158DC,288,72,True,True,4,1,0,1,1,1,,asm,,,0,
selection,func_selection_00415A34,108,27,False,False,0,1,0,0,0,0,S,hs-import-ok,,,0,
selection,func_selection_00415AD0,192,48,True,False,5,2,0,1,0,0,,asm,,,0,
selection,func_selection_00415BE0,152,38,True,False,0,4,0,1,0,1,,asm,,,0,
selection,func_selection_00415CA0,168,42,True,False,0,5,1,0,1,0,,asm,,,0,
selection,func_selection_00415D48,84,21,True,False,0,4,0,0,0,1,,asm,,,0,
selection,func_selection_00415DEC,148,37,True,False,0,8,0,0,0,1,,asm,,,0,
selection,func_selection_00415E80,116,29,True,False,0,6,0,0,0,1,,asm,,,0,
selection,func_selection_00415EF4,192,48,True,True,0,1,0,1,1,0,,asm,,,0,
selection,func_selection_00415FB4,116,29,True,False,0,6,0,0,0,1,,asm,,,0,
selection,func_selection_00416028,684,171,True,False,19,0,0,1,0,1,,asm,,,0,
selection,func_selection_004162D4,200,50,True,False,0,0,0,1,0,1,,asm,,,0,
selection,func_selection_0041639C,816,204,True,False,19,2,0,1,0,1,,asm,,,0,
selection,func_selection_004166CC,200,50,True,False,0,0,0,1,0,1,,asm,,,0,
selection,func_selection_00416794,304,76,True,False,19,0,0,1,0,0,,asm,,,0,
selection,func_selection_004168C4,396,99,True,False,30,0,1,1,0,0,,asm,,,0,
selection,func_selection_00416A50,108,27,True,False,0,0,0,1,0,0,,asm,,,0,
selection,func_selection_00416ABC,728,182,True,False,42,0,1,1,0,0,,asm,,,0,
selection,func_selection_00416D94,228,57,True,False,0,0,1,1,0,0,,asm,,,0,
selection,func_selection_00416E78,176,44,True,False,4,2,1,1,0,0,,asm,,,0,
selection,func_selection_00416F54,160,40,True,False,0,3,0,1,0,0,,asm,,,0,
selection,func_selection_00416FF4,588,147,True,True,0,9,0,1,1,0,,asm,,,0,
selection,func_selection_00417268,76,19,True,False,0,0,1,1,0,0,,asm,,,0,
selection,func_selection_004172B4,1268,317,True,True,0,26,0,1,1,1,,asm,,,0,
selection,func_selection_004177A8,2600,650,True,True,12,28,0,1,1,0,,asm,,,0,
selection,func_selection_004181D0,620,155,True,True,0,4,0,1,1,1,,asm,,,0,
selection,func_selection_0041844C,948,237,True,True,17,18,0,1,1,1,,asm,,,0,
selection,func_selection_00418800,1688,422,True,False,48,0,0,1,0,0,,asm,,,0,
selection,func_selection_00418E98,392,98,True,True,0,5,1,0,1,0,,asm,,,0,
selection,func_selection_00419038,76,19,False,False,0,2,0,1,0,0,S,asm,,,0,
selection,func_selection_00419084,272,68,True,True,0,5,0,1,1,0,,asm,,,0,
selection,func_selection_00419194,496,124,True,False,15,15,0,1,0,1,,asm,,,0,
selection,func_selection_00419384,1824,456,True,False,14,30,0,1,0,0,,asm,,,0,
selection,func_selection_00419AA4,212,53,True,False,0,4,0,1,0,1,,asm,,,0,
selection,func_selection_00419BC8,396,99,True,False,12,2,0,1,0,0,,asm,,,0,
selection,func_selection_00419D54,612,153,True,False,0,8,0,1,0,1,,asm,,,0,
selection,func_selection_00419FB8,276,69,True,False,0,8,0,1,0,0,,asm,,,0,
selection,func_selection_0041A0CC,316,79,True,False,0,6,0,1,0,0,,asm,,,0,
selection,func_selection_0041A244,888,222,True,False,29,26,0,1,0,0,,asm,,,0,
selection,func_selection_0041A5BC,532,133,True,False,0,4,0,1,0,0,,asm,,,0,
selection,func_selection_0041A7D0,400,100,True,False,0,7,0,1,1,0,,asm,,,0,
selection,func_selection_0041A960,616,154,True,False,0,5,0,1,0,0,,asm,,,0,
selection,func_selection_0041ABFC,1312,328,True,False,0,13,0,1,1,1,,asm,,,0,
selection,func_selection_0041B19C,240,60,True,False,0,3,0,1,0,0,,asm,,,0,
selection,func_selection_0041B28C,228,57,True,False,0,1,0,1,0,0,,asm,,,0,
selection,func_selection_0041B370,256,64,True,False,0,4,0,1,0,1,,asm,,,0,
splash,func_splash_00400000,524,131,True,True,23,10,0,1,1,0,,asm,,,0,
splash,func_splash_0040020C,1004,251,True,True,106,11,0,1,1,0,,asm,,,0,
splash,func_splash_00400828,196,50,True,True,0,4,0,1,1,0,,asm,,,0,
fileux,func_fileux_0040014C,1108,277,True,True,0,21,1,0,1,0,,asm,,,0,
uvtexture_rom,func_uvtexture_rom_00400164,92,23,False,False,0,2,1,1,0,0,P1,no-seed,,,0,
uvtexture_rom,func_uvtexture_rom_004001C0,132,33,False,False,5,3,1,1,0,0,P3,no-seed,,,0,
uvtexture_rom,func_uvtexture_rom_00400244,700,175,True,True,30,8,0,1,1,0,,asm,,,0,
uvtexture_rom,func_uvtexture_rom_00400500,1264,316,True,True,0,37,0,1,1,1,,asm,,,0,
uvtexture_rom,func_uvtexture_rom_004009F0,288,72,False,False,0,7,1,1,0,0,P1,no-seed,,,0,
uvtexture_rom,func_uvtexture_rom_00400B10,108,27,True,False,0,1,0,0,0,0,,asm,,,0,
uvtexture_rom,func_uvtexture_rom_00400B8C,48,12,False,False,0,1,0,0,0,0,S,hs-ready,735,,0,
uvtexture_rom,func_uvtexture_rom_00400BBC,176,44,False,True,0,5,0,1,1,0,,asm,,,0,
uvtexture_rom,func_uvtexture_rom_00400C6C,68,17,True,False,0,1,0,0,0,0,,asm,,,0,
cbars,func_cbars_00400114,1012,255,True,True,124,17,1,0,1,0,,asm,,,0,
ufogame,func_ufogame_00400204,272,68,True,True,2,5,0,1,1,0,,asm,,,0,
ufogame,func_ufogame_0040031C,560,141,True,False,0,1,0,1,0,0,,asm,,,0,
uvmodelld_rom,func_uvmodelld_rom_0040009C,188,47,True,True,0,3,0,0,1,1,,asm,,,0,
uvmodelld_rom,func_uvmodelld_rom_00400158,256,64,False,False,0,1,1,1,0,0,P1,no-seed,,,0,
uvmodelld_rom,func_uvmodelld_rom_00400258,2784,696,True,True,50,29,0,1,1,1,,asm,,,0,
uvmodelld_rom,func_uvmodelld_rom_00400D38,388,98,True,True,0,8,0,1,1,0,,asm,,,0,
airec,func_airec_00400000,128,32,False,True,18,1,1,1,1,0,,asm,,,0,
airec,func_airec_00400110,860,215,True,True,81,35,0,1,1,1,,asm,,,0,
airec,func_airec_0040046C,184,46,False,True,25,5,1,1,1,0,,asm,,,0,
airec,func_airec_00400524,116,29,False,True,10,4,1,1,1,0,,asm,,,0,
airec,func_airec_004005A0,40,10,False,True,0,2,1,0,1,0,,asm,,,0,
airec,func_airec_004005C8,176,44,True,False,0,2,0,1,0,1,,asm,,,0,
airec,func_airec_00400678,356,89,True,False,17,9,0,1,1,0,,asm,,,0,
uvvattr_rom,func_uvvattr_rom_00400514,1064,266,True,True,0,34,0,1,1,1,,asm,,,0,
track3,func_track3_00401334,496,124,True,True,20,6,0,1,1,0,,asm,,,0,
track3,func_track3_00401524,320,83,True,True,0,5,0,1,1,1,,asm,,,0,
rumble,func_rumble_00400050,232,58,False,False,20,8,0,0,0,0,S,hs-ready,770,,0,
rumble,func_rumble_00400138,680,170,True,True,24,17,0,1,1,0,,asm,,,0,
uvtexturexref_rom,func_uvtexturexref_rom_00400044,208,52,True,True,0,3,0,0,1,1,,asm,,,0,
uvtexturexref_rom,func_uvtexturexref_rom_00400114,224,59,True,True,0,2,0,1,1,0,,asm,,,0,
game,func_game_004001E4,2596,649,True,False,0,13,0,1,0,0,,asm,,,0,
game,func_game_00400C08,424,106,True,False,0,0,0,1,0,0,,asm,,,0,
game,func_game_00400DB0,1416,354,True,True,5,32,0,1,1,1,,asm,,,0,
game,func_game_00401338,560,140,True,False,0,13,0,1,0,0,,asm,,,0,
game,func_game_00401568,392,98,True,True,34,14,0,1,0,0,,asm,,,0,
game,func_game_004016F0,1488,372,True,True,12,26,1,0,1,0,,asm,,,0,
game,func_game_00401CC0,524,131,True,True,25,10,0,1,1,0,,asm,,,0,
game,func_game_00401ECC,92,25,True,True,0,2,0,0,1,0,,asm,,,0,
uvgfxstate_rom,func_uvgfxstate_rom_00400C68,1708,427,True,False,301,16,1,1,0,0,,asm,,,0,
uvgfxstate_rom,func_uvgfxstate_rom_00401F54,392,98,True,False,38,10,1,1,0,0,,asm,,,0,
uvgfxstate_rom,func_uvgfxstate_rom_004029B8,348,87,True,False,0,10,1,0,1,0,,asm,,,0,
light,func_light_00400098,136,34,True,False,12,1,1,1,0,0,,asm,,,0,
light,func_light_00400120,1004,251,True,True,32,48,1,0,1,0,,asm,,,0,
light,func_light_0040050C,160,40,True,False,23,0,0,1,0,0,,asm,,,0,
light,func_light_004005AC,784,196,True,True,83,12,0,1,1,1,,asm,,,0,
light,func_light_004008BC,148,37,True,False,18,0,0,1,0,0,,asm,,,0,
light,func_light_00400950,600,150,True,True,60,4,0,1,1,1,,asm,,,0,
light,func_light_00400BA8,476,122,True,True,45,1,0,1,1,1,,asm,,,0,
replay,func_replay_0040018C,164,41,True,False,7,0,0,1,0,0,,hs-import-ok,,,0,
replay,func_replay_00400230,120,30,True,False,5,0,0,1,0,0,,hs-ready,0,,0,
replay,func_replay_004002B4,104,26,True,False,2,0,0,1,0,0,,hs-import-ok,,,0,
replay,func_replay_00400328,1056,264,True,True,1,30,0,1,1,1,,hs-import-ok,,,0,
replay,func_replay_00400748,564,141,True,True,12,18,1,1,0,0,,hs-import-ok,,,0,
replay,func_replay_0040097C,724,181,True,True,12,21,1,1,0,0,,hs-import-ok,,,0,
replay,func_replay_00400C50,308,77,True,False,7,6,1,1,0,0,,hs-ready,4290,,0,
replay,func_replay_00400D84,424,106,True,False,7,6,1,1,0,0,,hs-ready,6190,,0,
replay,func_replay_00400FB0,56,14,False,False,0,1,0,0,0,0,S,hs-ready,105,,0,
replay,func_replay_00400FE8,36,9,False,False,1,0,0,0,0,0,S,banked,,,0,
replay,func_replay_0040100C,1152,288,True,False,34,24,0,1,1,1,,asm,,,0,
replay,func_replay_0040148C,416,104,True,True,30,6,1,1,1,0,,hs-ready,95,,0,
replay,func_replay_0040162C,188,47,True,True,10,4,1,1,1,0,,hs-ready,0,,0,
replay,func_replay_004016E8,344,86,True,False,6,0,0,1,0,0,,hs-import-ok,,,0,
replay,func_replay_00401840,296,74,True,False,0,1,0,1,0,0,,hs-ready,450,,0,
replay,func_replay_00401968,336,86,True,False,0,3,0,1,0,0,,hs-import-ok,,,0,
uvgeom_rom,func_uvgeom_rom_00400398,968,242,True,True,0,21,0,1,1,1,,asm,,,0,
uvgeom_rom,func_uvgeom_rom_00400760,2016,504,True,True,0,25,0,1,1,1,,asm,,,0,
uvgeom_rom,func_uvgeom_rom_00400F40,816,204,True,True,39,20,1,1,0,0,,asm,,,0,
uvgeom_rom,func_uvgeom_rom_00401270,680,170,True,False,0,12,1,1,0,0,,asm,,,0,
uvgeom_rom,func_uvgeom_rom_00401518,540,138,True,True,0,11,0,1,1,1,,asm,,,0,
gamegui,func_gamegui_004000B0,228,57,True,False,0,1,0,1,0,1,,asm,,,0,
gamegui,func_gamegui_00400194,476,119,True,False,8,0,0,1,0,0,,asm,,,0,
gamegui,func_gamegui_00400370,4488,1122,True,False,141,11,0,1,0,0,,asm,,,0,
gamegui,func_gamegui_004014F8,592,148,True,False,0,0,0,1,0,0,,asm,,,0,
gamegui,func_gamegui_00401748,820,205,True,True,0,34,0,1,1,1,,asm,,,0,
gamegui,func_gamegui_00401AF8,572,143,True,False,13,9,0,1,1,0,,asm,,,0,
gamegui,func_gamegui_00401D34,96,24,True,False,0,1,1,1,0,0,,asm,,,0,
gamegui,func_gamegui_00401E7C,356,89,True,False,0,2,0,1,0,1,,asm,,,0,
gamegui,func_gamegui_004021DC,380,95,True,False,0,9,0,1,0,0,,asm,,,0,
gamegui,func_gamegui_00402358,88,22,True,False,0,0,0,1,0,0,,asm,,,0,
gamegui,func_gamegui_004023BC,140,37,True,True,0,3,0,0,1,0,,asm,,,0,
